00000000, ffffffff, 00000000, ffffffff, 0, 1, 00000000, ffffffff, 0, 1,                 2891                  891
00000000, 00000000, 00000000, 00000000, 0, 0, 00000000, 00000000, 0, 0,                 3966                 1075
ffffffff, 00000000, ffffffff, 00000000, 1, 0, ffffffff, 00000000, 1, 0,                 4846                  880
00000000, 00000000, 00000000, 00000000, 0, 0, 00000000, 00000000, 0, 0,                 5948                 1102
fffffffe, 00000001, fffffffe, 00000001, 1, 0, fffffffd, 00000002, 1, 0,                 6826                  878
00000000, 00000000, 00000000, 00000000, 0, 0, 00000000, 00000000, 0, 0,                 7919                 1093
aaaaaaaa, 55555555, 55555555, aaaaaaaa, 1, 0, 00000000, ffffffff, 1, 0,                12213                 4294
00000000, 00000000, 00000000, 00000000, 0, 0, 00000000, 00000000, 0, 0,                13304                 1091
55555555, aaaaaaaa, 55555555, aaaaaaaa, 0, 1, aaaaaaaa, 55555555, 0, 1,                14163                  859
00000000, 00000000, 00000000, 00000000, 0, 0, 00000000, 00000000, 0, 0,                15206                 1043
aaaaaaaa, 55555555, aaaaaaaa, 55555555, 1, 0, 55555555, aaaaaaaa, 1, 0,                16066                  860
00000000, 00000000, 00000000, 00000000, 0, 0, 00000000, 00000000, 0, 0,                17111                 1045
fffffffe, 00000001, fffffffe, 00000001, 1, 0, fffffffd, 00000002, 1, 0,                17985                  874
00000000, 00000000, 00000000, 00000000, 0, 0, 00000000, 00000000, 0, 0,                19078                 1093
ffffffff, 00000000, ffffffff, 00000000, 0, 1, fffffffe, 00000001, 1, 0,                19957                  879
00000000, 00000000, 00000000, 00000000, 0, 0, 00000000, 00000000, 0, 0,                21057                 1100
55555555, aaaaaaaa, 55555555, aaaaaaaa, 1, 0, aaaaaaab, 55555554, 0, 1,                21910                  853
00000000, 00000000, 00000000, 00000000, 0, 0, 00000000, 00000000, 0, 0,                22951                 1041
aaaaaaaa, 55555555, aaaaaaaa, 55555555, 0, 1, 55555554, aaaaaaab, 1, 0,                23811                  860
00000000, 00000000, 00000000, 00000000, 0, 0, 00000000, 00000000, 0, 0,                24858                 1047
55555555, aaaaaaaa, aaaaaaaa, 55555555, 1, 0, 00000000, ffffffff, 1, 0,                29162                 4304
00000000, 00000000, 00000000, 00000000, 0, 0, 00000000, 00000000, 0, 0,                30253                 1091
80054600, 7ffab9ff, 12153524, edeacadb, 1, 0, 921a7b25, 6de584da, 0, 1,                31383                 1130
00000000, 00000000, 00000000, 00000000, 0, 0, 00000000, 00000000, 0, 0,                32449                 1066
0dbb5f1b, f244a0e4, 8484d609, 7b7b29f6, 1, 0, 92403525, 6dbfcada, 0, 1,                34023                 1574
00000000, 00000000, 00000000, 00000000, 0, 0, 00000000, 00000000, 0, 0,                35093                 1070
df5808be, 20a7f741, 06b97b0d, f94684f2, 1, 0, e61183cc, 19ee7c33, 0, 1,                36334                 1241
00000000, 00000000, 00000000, 00000000, 0, 0, 00000000, 00000000, 0, 0,                37391                 1057
58fa57b1, a705a84e, b2c28465, 4d3d7b9a, 0, 1, 0bbcdc16, f44323e9, 1, 0,                38635                 1244
00000000, 00000000, 00000000, 00000000, 0, 0, 00000000, 00000000, 0, 0,                39689                 1054
4b62f396, b49d0c69, 00f3e301, ff0c1cfe, 1, 0, 4c56d698, b3a92967, 0, 1,                40806                 1117
00000000, 00000000, 00000000, 00000000, 0, 0, 00000000, 00000000, 0, 0,                41867                 1061
5672d3ac, a98d2c53, 3b23f176, c4dc0e89, 1, 0, 9196c523, 6e693adc, 0, 1,                42909                 1042
00000000, 00000000, 00000000, 00000000, 0, 0, 00000000, 00000000, 0, 0,                43982                 1073
e02d82c0, 1fd27d3f, 76d457ed, 892ba812, 0, 1, 5701daad, a8fe2552, 1, 0,                45319                 1337
00000000, 00000000, 00000000, 00000000, 0, 0, 00000000, 00000000, 0, 0,                46385                 1066
54e83ba9, ab17c456, 7cfde9f9, 83021606, 0, 1, d1e625a2, 2e19da5d, 0, 1,                47505                 1120
00000000, 00000000, 00000000, 00000000, 0, 0, 00000000, 00000000, 0, 0,                48582                 1077
01d77d03, fe2882fc, e2f784c5, 1d087b3a, 0, 1, e4cf01c8, 1b30fe37, 0, 1,                49933                 1351
00000000, 00000000, 00000000, 00000000, 0, 0, 00000000, 00000000, 0, 0,                51005                 1072
e66ececc, 19913133, 72aff7e5, 8d50081a, 1, 0, 591ec6b2, a6e1394d, 1, 0,                52123                 1118
00000000, 00000000, 00000000, 00000000, 0, 0, 00000000, 00000000, 0, 0,                53195                 1072
f36cd6e6, 0c932919, 8932d612, 76cd29ed, 1, 0, 7c9facf9, 83605306, 1, 0,                54436                 1241
00000000, 00000000, 00000000, 00000000, 0, 0, 00000000, 00000000, 0, 0,                55483                 1047
4a760b94, b589f46b, 793069f2, 86cf960d, 0, 1, c3a67586, 3c598a79, 0, 1,                56530                 1047
00000000, 00000000, 00000000, 00000000, 0, 0, 00000000, 00000000, 0, 0,                57596                 1066
a8149050, 57eb6faf, f4007ae8, 0bff8517, 1, 0, 9c150b39, 63eaf4c6, 1, 0,                58736                 1140
00000000, 00000000, 00000000, 00000000, 0, 0, 00000000, 00000000, 0, 0,                59807                 1071
31b20b63, ce4df49c, 2e58495c, d1a7b6a3, 1, 0, 600a54c0, 9ff5ab3f, 0, 1,                61492                 1685
00000000, 00000000, 00000000, 00000000, 0, 0, 00000000, 00000000, 0, 0,                62559                 1067
ded292bd, 212d6d42, 96ab582d, 6954a7d2, 1, 0, 757deaeb, 8a821514, 1, 0,                63775                 1216
00000000, 00000000, 00000000, 00000000, 0, 0, 00000000, 00000000, 0, 0,                64836                 1061
b0bbe261, 4f441d9e, b1ef6263, 4e109d9c, 0, 1, 62ab44c4, 9d54bb3b, 1, 0,                65763                  927
00000000, 00000000, 00000000, 00000000, 0, 0, 00000000, 00000000, 0, 0,                66827                 1064
f1d496e3, 0e2b691c, c03b2280, 3fc4dd7f, 0, 1, b20fb963, 4df0469c, 1, 0,                68171                 1344
00000000, 00000000, 00000000, 00000000, 0, 0, 00000000, 00000000, 0, 0,                69228                 1057
08010510, f7fefaef, 557845aa, aa87ba55, 1, 0, 5d794abb, a286b544, 0, 1,                70486                 1258
00000000, 00000000, 00000000, 00000000, 0, 0, 00000000, 00000000, 0, 0,                71561                 1075
790201f2, 86fdfe0d, cb203e96, 34dfc169, 1, 0, 44224089, bbddbf76, 1, 0,                73029                 1468
00000000, 00000000, 00000000, 00000000, 0, 0, 00000000, 00000000, 0, 0,                74094                 1065
ff599efe, 00a66101, 86bc380d, 7943c7f2, 1, 0, 8615d70c, 79ea28f3, 1, 0,                75351                 1257
00000000, 00000000, 00000000, 00000000, 0, 0, 00000000, 00000000, 0, 0,                76418                 1067
a446be48, 5bb941b7, 359fdd6b, ca602294, 1, 0, d9e69bb4, 2619644b, 0, 1,                77540                 1122
00000000, 00000000, 00000000, 00000000, 0, 0, 00000000, 00000000, 0, 0,                78605                 1065
e15df8c2, 1ea2073d, 81174a02, 7ee8b5fd, 0, 1, 627542c4, 9d8abd3b, 1, 0,                79626                 1021
00000000, 00000000, 00000000, 00000000, 0, 0, 00000000, 00000000, 0, 0,                80682                 1056
34d12d69, cb2ed296, 0effe91d, f10016e2, 1, 0, 43d11687, bc2ee978, 0, 1,                81822                 1140
00000000, 00000000, 00000000, 00000000, 0, 0, 00000000, 00000000, 0, 0,                82886                 1064
1652d92c, e9ad26d3, 11844923, ee7bb6dc, 0, 1, 27d7224f, d828ddb0, 0, 1,                84225                 1339
00000000, 00000000, 00000000, 00000000, 0, 0, 00000000, 00000000, 0, 0,                85283                 1058
ed3af2da, 12c50d25, e5730aca, 1a8cf535, 0, 1, d2adfda4, 2d52025b, 1, 0,                86733                 1450
00000000, 00000000, 00000000, 00000000, 0, 0, 00000000, 00000000, 0, 0,                87790                 1057
e844e2d0, 17bb1d2f, 7968bdf2, 8697420d, 0, 1, 61ada0c2, 9e525f3d, 1, 0,                89151                 1361
00000000, 00000000, 00000000, 00000000, 0, 0, 00000000, 00000000, 0, 0,                90230                 1079
5f54e5be, a0ab1a41, 20c4b341, df3b4cbe, 0, 1, 801998ff, 7fe66700, 0, 1,                91917                 1687
00000000, 00000000, 00000000, 00000000, 0, 0, 00000000, 00000000, 0, 0,                92976                 1059
89aaf013, 76550fec, 3c20f378, c3df0c87, 1, 0, c5cbe38c, 3a341c73, 0, 1,                94007                 1031
00000000, 00000000, 00000000, 00000000, 0, 0, 00000000, 00000000, 0, 0,                95071                 1064
db0de0b6, 24f21f49, 75c50deb, 8a3af214, 0, 1, 50d2eea1, af2d115e, 1, 0,                96213                 1142
00000000, 00000000, 00000000, 00000000, 0, 0, 00000000, 00000000, 0, 0,                97283                 1070
fda77efb, 02588104, 634bf9c6, 9cb40639, 0, 1, 60f378c1, 9f0c873e, 1, 0,                98528                 1245
00000000, 00000000, 00000000, 00000000, 0, 0, 00000000, 00000000, 0, 0,                99604                 1076
1cacb339, e3534cc6, de7502bc, 218afd43, 0, 1, fb21b5f5, 04de4a0a, 0, 1,               100639                 1035
00000000, 00000000, 00000000, 00000000, 0, 0, 00000000, 00000000, 0, 0,               101698                 1059
6cc0ffd9, 933f0026, 85d79a0b, 7a2865f4, 1, 0, f29899e5, 0d67661a, 0, 1,               102832                 1134
00000000, 00000000, 00000000, 00000000, 0, 0, 00000000, 00000000, 0, 0,               103894                 1062
e154f2c2, 1eab0d3d, 42f24185, bd0dbe7a, 1, 0, 24473448, dbb8cbb7, 1, 0,               105002                 1108
00000000, 00000000, 00000000, 00000000, 0, 0, 00000000, 00000000, 0, 0,               106060                 1058
b2a94665, 4d56b99a, 9dcc603b, 62339fc4, 0, 1, 5075a6a0, af8a595f, 1, 0,               107304                 1244
00000000, 00000000, 00000000, 00000000, 0, 0, 00000000, 00000000, 0, 0,               108361                 1057
ef8ee4df, 10711b20, bf23327e, 40dccd81, 1, 0, aeb2175e, 514de8a1, 1, 0,               109479                 1118
00000000, 00000000, 00000000, 00000000, 0, 0, 00000000, 00000000, 0, 0,               110559                 1080
f96be2f2, 06941d0d, 78d99bf1, 8726640e, 1, 0, 72457ee4, 8dba811b, 1, 0,               111793                 1234
00000000, 00000000, 00000000, 00000000, 0, 0, 00000000, 00000000, 0, 0,               112864                 1071
164a572c, e9b5a8d3, 31230762, cedcf89d, 0, 1, 476d5e8e, b892a171, 0, 1,               113973                 1109
00000000, 00000000, 00000000, 00000000, 0, 0, 00000000, 00000000, 0, 0,               115028                 1055
f41b7ae8, 0be48517, 4fa1559f, b05eaa60, 1, 0, 43bcd088, bc432f77, 1, 0,               116259                 1231
00000000, 00000000, 00000000, 00000000, 0, 0, 00000000, 00000000, 0, 0,               117330                 1071
579485af, a86b7a50, 7c6da9f8, 83925607, 1, 0, d4022fa8, 2bfdd057, 0, 1,               118916                 1586
00000000, 00000000, 00000000, 00000000, 0, 0, 00000000, 00000000, 0, 0,               119986                 1070
2ed6355d, d129caa2, cfc4569f, 303ba960, 0, 1, fe9a8bfc, 01657403, 0, 1,               121207                 1221
00000000, 00000000, 00000000, 00000000, 0, 0, 00000000, 00000000, 0, 0,               122266                 1059
94f8f429, 6b070bd6, adcbc05b, 52343fa4, 1, 0, 42c4b485, bd3b4b7a, 1, 0,               123394                 1128
00000000, 00000000, 00000000, 00000000, 0, 0, 00000000, 00000000, 0, 0,               124451                 1057
e3b912c7, 1c46ed38, a4ae3249, 5b51cdb6, 0, 1, 88674510, 7798baef, 1, 0,               125593                 1142
00000000, 00000000, 00000000, 00000000, 0, 0, 00000000, 00000000, 0, 0,               126653                 1060
d2455ea4, 2dbaa15b, ebfec0d7, 14013f28, 1, 0, be441f7c, 41bbe083, 1, 0,               127859                 1206
00000000, 00000000, 00000000, 00000000, 0, 0, 00000000, 00000000, 0, 0,               128925                 1066
441a5388, bbe5ac77, 4b212f96, b4ded069, 0, 1, 8f3b831e, 70c47ce1, 0, 1,               130298                 1373
00000000, 00000000, 00000000, 00000000, 0, 0, 00000000, 00000000, 0, 0,               131367                 1069
30287f60, cfd7809f, e12ccec2, 1ed3313d, 0, 1, 11554e22, eeaab1dd, 1, 0,               132384                 1017
00000000, 00000000, 00000000, 00000000, 0, 0, 00000000, 00000000, 0, 0,               133461                 1077
1b22cd36, e4dd32c9, bb825a77, 447da588, 1, 0, d6a527ae, 295ad851, 0, 1,               134570                 1109
00000000, 00000000, 00000000, 00000000, 0, 0, 00000000, 00000000, 0, 0,               135635                 1065
4ae40195, b51bfe6a, 090cdb12, f6f324ed, 0, 1, 53f0dca7, ac0f2358, 0, 1,               136960                 1325
00000000, 00000000, 00000000, 00000000, 0, 0, 00000000, 00000000, 0, 0,               138029                 1069
8a9e5815, 7561a7ea, 36e5816d, c91a7e92, 1, 0, c183d983, 3e7c267c, 0, 1,               139293                 1264
00000000, 00000000, 00000000, 00000000, 0, 0, 00000000, 00000000, 0, 0,               140351                 1058
62095bc4, 9df6a43b, 0fd28f1f, f02d70e0, 1, 0, 71dbeae4, 8e24151b, 0, 1,               141574                 1223
00000000, 00000000, 00000000, 00000000, 0, 0, 00000000, 00000000, 0, 0,               142645                 1071
549b25a9, ab64da56, 42d92f85, bd26d07a, 0, 1, 9774552e, 688baad1, 0, 1,               143648                 1003
00000000, 00000000, 00000000, 00000000, 0, 0, 00000000, 00000000, 0, 0,               144712                 1064
c4f9b489, 3b064b76, 2dda595b, d225a6a4, 1, 0, f2d40de5, 0d2bf21a, 0, 1,               146055                 1343
00000000, 00000000, 00000000, 00000000, 0, 0, 00000000, 00000000, 0, 0,               147122                 1067
1c302338, e3cfdcc7, 9ff2ae3f, 600d51c0, 0, 1, bc22d177, 43dd2e88, 0, 1,               148359                 1237
00000000, 00000000, 00000000, 00000000, 0, 0, 00000000, 00000000, 0, 0,               149423                 1064
24a0b949, db5f46b6, 2c156358, d3ea9ca7, 0, 1, 50b61ca1, af49e35e, 0, 1,               150542                 1119
00000000, 00000000, 00000000, 00000000, 0, 0, 00000000, 00000000, 0, 0,               151604                 1062
3582576b, ca7da894, c71a0c8e, 38e5f371, 0, 1, fc9c63f9, 03639c06, 0, 1,               152932                 1328
00000000, 00000000, 00000000, 00000000, 0, 0, 00000000, 00000000, 0, 0,               153985                 1053
cda2869b, 325d7964, 7d3599fa, 82ca6605, 0, 1, 4ad82095, b527df6a, 1, 0,               155343                 1358
00000000, 00000000, 00000000, 00000000, 0, 0, 00000000, 00000000, 0, 0,               156408                 1065
70e14be1, 8f1eb41e, 39961773, c669e88c, 1, 0, aa776355, 55889caa, 0, 1,               157547                 1139
00000000, 00000000, 00000000, 00000000, 0, 0, 00000000, 00000000, 0, 0,               158616                 1069
1ef4853d, e10b7ac2, 9799a82f, 686657d0, 1, 0, b68e2d6d, 4971d292, 0, 1,               159633                 1017
00000000, 00000000, 00000000, 00000000, 0, 0, 00000000, 00000000, 0, 0,               160695                 1062
b6925e6d, 496da192, afd8565f, 5027a9a0, 0, 1, 666ab4cc, 99954b33, 1, 0,               161707                 1012
00000000, 00000000, 00000000, 00000000, 0, 0, 00000000, 00000000, 0, 0,               162767                 1060
ff9944ff, 0066bb00, 7bf8fdf7, 84070208, 1, 0, 7b9242f7, 846dbd08, 1, 0,               163882                 1115
00000000, 00000000, 00000000, 00000000, 0, 0, 00000000, 00000000, 0, 0,               164967                 1085
b8a33071, 475ccf8e, f3091ae6, 0cf6e519, 0, 1, abac4b57, 5453b4a8, 1, 0,               166084                 1117
00000000, 00000000, 00000000, 00000000, 0, 0, 00000000, 00000000, 0, 0,               167148                 1064
52f767a5, ad08985a, 14cfc129, eb303ed6, 1, 0, 67c728cf, 9838d730, 0, 1,               168276                 1128
00000000, 00000000, 00000000, 00000000, 0, 0, 00000000, 00000000, 0, 0,               169337                 1061
65daf9cb, 9a250634, ed536cda, 12ac9325, 1, 0, 532e66a6, acd19959, 1, 0,               170339                 1002
00000000, 00000000, 00000000, 00000000, 0, 0, 00000000, 00000000, 0, 0,               171404                 1065
a603784c, 59fc87b3, da8ae2b5, 25751d4a, 1, 0, 808e5b02, 7f71a4fd, 1, 0,               172760                 1356
00000000, 00000000, 00000000, 00000000, 0, 0, 00000000, 00000000, 0, 0,               173829                 1069
94a2ec29, 6b5d13d6, 3cf11979, c30ee686, 0, 1, d19405a2, 2e6bfa5d, 0, 1,               175290                 1461
00000000, 00000000, 00000000, 00000000, 0, 0, 00000000, 00000000, 0, 0,               176359                 1069
3834cf70, c7cb308f, e8740cd0, 178bf32f, 0, 1, 20a8dc40, df5723bf, 1, 0,               177479                 1120
00000000, 00000000, 00000000, 00000000, 0, 0, 00000000, 00000000, 0, 0,               178550                 1071
7e7da1fc, 81825e03, 55f6adab, aa095254, 0, 1, d4744fa7, 2b8bb058, 0, 1,               179668                 1118
00000000, 00000000, 00000000, 00000000, 0, 0, 00000000, 00000000, 0, 0,               180740                 1072
49fd6f93, b602906c, 6e5daddc, 91a25223, 0, 1, b85b1d6f, 47a4e290, 0, 1,               181985                 1245
00000000, 00000000, 00000000, 00000000, 0, 0, 00000000, 00000000, 0, 0,               183054                 1069
8c655e18, 739aa1e7, fedf72fd, 01208d02, 1, 0, 8b44d116, 74bb2ee9, 1, 0,               184188                 1134
00000000, 00000000, 00000000, 00000000, 0, 0, 00000000, 00000000, 0, 0,               185258                 1070
ef3ce8de, 10c31721, 2b0eed56, d4f112a9, 0, 1, 1a4bd634, e5b429cb, 1, 0,               186282                 1024
00000000, 00000000, 00000000, 00000000, 0, 0, 00000000, 00000000, 0, 0,               187348                 1066
92299024, 6dd66fdb, b3d97667, 4c268998, 0, 1, 4603068b, b9fcf974, 1, 0,               188699                 1351
00000000, 00000000, 00000000, 00000000, 0, 0, 00000000, 00000000, 0, 0,               189763                 1064
b6e6346d, 4919cb92, 5b6fb9b6, a4904649, 0, 1, 1255ee23, edaa11dc, 1, 0,               190891                 1128
00000000, 00000000, 00000000, 00000000, 0, 0, 00000000, 00000000, 0, 0,               191960                 1069
5aa31fb5, a55ce04a, 3cd18779, c32e7886, 0, 1, 9774a72e, 688b58d1, 0, 1,               193075                 1115
00000000, 00000000, 00000000, 00000000, 0, 0, 00000000, 00000000, 0, 0,               194135                 1060
f9d09ef3, 062f610c, 4a74bf94, b58b406b, 1, 0, 44455e88, bbbaa177, 1, 0,               195239                 1104
00000000, 00000000, 00000000, 00000000, 0, 0, 00000000, 00000000, 0, 0,               196306                 1067
4057c980, bfa8367f, 823f2c04, 7dc0d3fb, 1, 0, c296f585, 3d690a7a, 0, 1,               197398                 1092
00000000, 00000000, 00000000, 00000000, 0, 0, 00000000, 00000000, 0, 0,               198464                 1066
c16b9682, 3e94697d, 6dcb69db, 92349624, 1, 0, 2f37005e, d0c8ffa1, 1, 0,               200165                 1701
00000000, 00000000, 00000000, 00000000, 0, 0, 00000000, 00000000, 0, 0,               201239                 1074
ede48adb, 121b7524, 6cb0b7d9, 934f4826, 1, 0, 5a9542b5, a56abd4a, 1, 0,               202475                 1236
00000000, 00000000, 00000000, 00000000, 0, 0, 00000000, 00000000, 0, 0,               203540                 1065
a3cd9c47, 5c3263b8, bb45e276, 44ba1d89, 0, 1, 5f137ebd, a0ec8142, 1, 0,               205019                 1479
00000000, 00000000, 00000000, 00000000, 0, 0, 00000000, 00000000, 0, 0,               206082                 1063
3747016e, c8b8fe91, 5b172db6, a4e8d249, 1, 0, 925e2f25, 6da1d0da, 0, 1,               207129                 1047
00000000, 00000000, 00000000, 00000000, 0, 0, 00000000, 00000000, 0, 0,               208197                 1068
dd561cba, 22a9e345, a3071a46, 5cf8e5b9, 0, 1, 805d3700, 7fa2c8ff, 1, 0,               209664                 1467
00000000, 00000000, 00000000, 00000000, 0, 0, 00000000, 00000000, 0, 0,               210733                 1069
b8ddbe71, 4722418e, 7bd261f7, 842d9e08, 1, 0, 34b02069, cb4fdf96, 1, 0,               212220                 1487
00000000, 00000000, 00000000, 00000000, 0, 0, 00000000, 00000000, 0, 0,               213292                 1072
08da4f11, f725b0ee, da6ebab4, 2591454b, 0, 1, e34909c5, 1cb6f63a, 0, 1,               214520                 1228
00000000, 00000000, 00000000, 00000000, 0, 0, 00000000, 00000000, 0, 0,               215594                 1074
7ab7b7f5, 8548480a, 147cd928, eb8326d7, 1, 0, 8f34911e, 70cb6ee1, 0, 1,               216728                 1134
00000000, 00000000, 00000000, 00000000, 0, 0, 00000000, 00000000, 0, 0,               217789                 1061
4e15179c, b1eae863, e3c530c7, 1c3acf38, 0, 1, 31da4863, ce25b79c, 1, 0,               218932                 1143
00000000, 00000000, 00000000, 00000000, 0, 0, 00000000, 00000000, 0, 0,               219995                 1063
ae8a965d, 517569a2, 8477e408, 7b881bf7, 0, 1, 33027a65, ccfd859a, 1, 0,               221443                 1448
00000000, 00000000, 00000000, 00000000, 0, 0, 00000000, 00000000, 0, 0,               222505                 1062
62d1e3c5, 9d2e1c3a, fea7a6fd, 01585902, 1, 0, 61798ac3, 9e86753c, 1, 0,               223645                 1140
00000000, 00000000, 00000000, 00000000, 0, 0, 00000000, 00000000, 0, 0,               224709                 1064
ac682658, 5397d9a7, 8e37901c, 71c86fe3, 0, 1, 3a9fb674, c560498b, 1, 0,               226202                 1493
00000000, 00000000, 00000000, 00000000, 0, 0, 00000000, 00000000, 0, 0,               227272                 1070
7e0a91fc, 81f56e03, ed3408da, 12cbf725, 1, 0, 6b3e9ad7, 94c16528, 1, 0,               228610                 1338
00000000, 00000000, 00000000, 00000000, 0, 0, 00000000, 00000000, 0, 0,               229680                 1070
060aad0c, f9f552f3, 334ea766, ccb15899, 0, 1, 39595472, c6a6ab8d, 0, 1,               230703                 1023
00000000, 00000000, 00000000, 00000000, 0, 0, 00000000, 00000000, 0, 0,               231768                 1065
0cf04519, f30fbae6, b9f50473, 460afb8c, 0, 1, c6e5498c, 391ab673, 0, 1,               232783                 1015
00000000, 00000000, 00000000, 00000000, 0, 0, 00000000, 00000000, 0, 0,               233843                 1060
d2504ca4, 2dafb35b, 2f3ab35e, d0c54ca1, 0, 1, 018b0002, fe74fffd, 1, 0,               236115                 2272
00000000, 00000000, 00000000, 00000000, 0, 0, 00000000, 00000000, 0, 0,               237195                 1080
c8975291, 3768ad6e, 6a8e05d5, 9571fa2a, 0, 1, 33255866, ccdaa799, 1, 0,               238320                 1125
00000000, 00000000, 00000000, 00000000, 0, 0, 00000000, 00000000, 0, 0,               239378                 1058
a23d6044, 5dc29fbb, dcf000b9, 230fff46, 1, 0, 7f2d60fe, 80d29f01, 1, 0,               240855                 1477
00000000, 00000000, 00000000, 00000000, 0, 0, 00000000, 00000000, 0, 0,               241919                 1064
67be1dcf, 9841e230, 4b273796, b4d8c869, 0, 1, b2e55565, 4d1aaa9a, 0, 1,               242954                 1035
00000000, 00000000, 00000000, 00000000, 0, 0, 00000000, 00000000, 0, 0,               244015                 1061
d69de2ad, 29621d52, 13259f26, ecda60d9, 0, 1, e9c381d3, 163c7e2c, 0, 1,               245382                 1367
00000000, 00000000, 00000000, 00000000, 0, 0, 00000000, 00000000, 0, 0,               246450                 1068
c2e6ee85, 3d19117a, 3e99837d, c1667c82, 0, 1, 01807202, fe7f8dfd, 1, 0,               248027                 1577
00000000, 00000000, 00000000, 00000000, 0, 0, 00000000, 00000000, 0, 0,               249093                 1066
b91dca72, 46e2358d, 43615786, bc9ea879, 0, 1, fc7f21f8, 0380de07, 0, 1,               250449                 1356
00000000, 00000000, 00000000, 00000000, 0, 0, 00000000, 00000000, 0, 0,               251501                 1052
89bcdc13, 764323ec, 3f5a9b7e, c0a56481, 1, 0, c9177792, 36e8886d, 0, 1,               252632                 1131
00000000, 00000000, 00000000, 00000000, 0, 0, 00000000, 00000000, 0, 0,               253690                 1058
bd70687a, 428f9785, e7c3b6cf, 183c4930, 1, 0, a5341f4a, 5acbe0b5, 1, 0,               254943                 1253
00000000, 00000000, 00000000, 00000000, 0, 0, 00000000, 00000000, 0, 0,               256024                 1081
cf7baa9e, 30845561, fd28e4fa, 02d71b05, 1, 0, cca48f99, 335b7066, 1, 0,               257118                 1094
00000000, 00000000, 00000000, 00000000, 0, 0, 00000000, 00000000, 0, 0,               258180                 1062
16decb2d, e92134d2, 0b940917, f46bf6e8, 1, 0, 2272d445, dd8d2bba, 0, 1,               259308                 1128
00000000, 00000000, 00000000, 00000000, 0, 0, 00000000, 00000000, 0, 0,               260365                 1057
68d2abd1, 972d542e, 43779186, bc886e79, 0, 1, ac4a3d57, 53b5c2a8, 0, 1,               261484                 1119
00000000, 00000000, 00000000, 00000000, 0, 0, 00000000, 00000000, 0, 0,               262546                 1062
4c551998, b3aae667, 7a8c59f5, 8573a60a, 1, 0, c6e1738e, 391e8c71, 0, 1,               263595                 1049
00000000, 00000000, 00000000, 00000000, 0, 0, 00000000, 00000000, 0, 0,               264653                 1058
887a9610, 778569ef, 949a8a29, 6b6575d6, 1, 0, 1d15203a, e2eadfc5, 1, 0,               265805                 1152
00000000, 00000000, 00000000, 00000000, 0, 0, 00000000, 00000000, 0, 0,               266869                 1064
18c6f931, e73906ce, e2e574c5, 1d1a8b3a, 0, 1, fbac6df6, 04539209, 0, 1,               268219                 1350
00000000, 00000000, 00000000, 00000000, 0, 0, 00000000, 00000000, 0, 0,               269285                 1066
e87676d0, 1789892f, 25b27b4b, da4d84b4, 1, 0, 0e28f21c, f1d70de3, 1, 0,               270403                 1118
00000000, 00000000, 00000000, 00000000, 0, 0, 00000000, 00000000, 0, 0,               271471                 1068
9f82ec3f, 607d13c0, f622e6ec, 09dd1913, 0, 1, 95a5d32b, 6a5a2cd4, 1, 0,               272484                 1013
00000000, 00000000, 00000000, 00000000, 0, 0, 00000000, 00000000, 0, 0,               273543                 1059
4cb77d99, b3488266, 2758d14e, d8a72eb1, 0, 1, 74104ee7, 8befb118, 0, 1,               274901                 1358
00000000, 00000000, 00000000, 00000000, 0, 0, 00000000, 00000000, 0, 0,               275971                 1070
3bccb377, c4334c88, 549efda9, ab610256, 1, 0, 906bb121, 6f944ede, 0, 1,               277195                 1224
00000000, 00000000, 00000000, 00000000, 0, 0, 00000000, 00000000, 0, 0,               278279                 1084
f89beaf1, 0764150e, 070bb90e, f8f446f1, 0, 1, ffa7a3ff, 00585c00, 0, 1,               280095                 1816
00000000, 00000000, 00000000, 00000000, 0, 0, 00000000, 00000000, 0, 0,               281168                 1073
e8d6a2d1, 17295d2e, cfd6c09f, 30293f60, 0, 1, b8ad6370, 47529c8f, 1, 0,               282295                 1127
00000000, 00000000, 00000000, 00000000, 0, 0, 00000000, 00000000, 0, 0,               283353                 1058
fb80eaf7, 047f1508, 155a1d2a, eaa5e2d5, 1, 0, 10db0822, ef24f7dd, 1, 0,               284718                 1365
00000000, 00000000, 00000000, 00000000, 0, 0, 00000000, 00000000, 0, 0,               285795                 1077
daf214b5, 250deb4a, 4f75ff9e, b08a0061, 0, 1, 2a681453, d597ebac, 1, 0,               287263                 1468
00000000, 00000000, 00000000, 00000000, 0, 0, 00000000, 00000000, 0, 0,               288338                 1075
b15f7462, 4ea08b9d, bccfa879, 43305786, 0, 1, 6e2f1cdb, 91d0e324, 1, 0,               289451                 1113
00000000, 00000000, 00000000, 00000000, 0, 0, 00000000, 00000000, 0, 0,               290516                 1065
548eb7a9, ab714856, 652345ca, 9adcba35, 1, 0, b9b1fd74, 464e028b, 0, 1,               291851                 1335
00000000, 00000000, 00000000, 00000000, 0, 0, 00000000, 00000000, 0, 0,               292911                 1060
ab2c2a56, 54d3d5a9, 35a0c96b, ca5f3694, 1, 0, e0ccf3c2, 1f330c3d, 0, 1,               294159                 1248
00000000, 00000000, 00000000, 00000000, 0, 0, 00000000, 00000000, 0, 0,               295219                 1060
7960fbf2, 869f040d, 5b0bddb6, a4f42249, 0, 1, d46cd9a8, 2b932657, 0, 1,               296250                 1031
00000000, 00000000, 00000000, 00000000, 0, 0, 00000000, 00000000, 0, 0,               297321                 1071
17723f2e, e88dc0d1, 6216abc4, 9de9543b, 1, 0, 7988eaf3, 8677150c, 0, 1,               298441                 1120
00000000, 00000000, 00000000, 00000000, 0, 0, 00000000, 00000000, 0, 0,               299495                 1054
cfc7649f, 30389b60, 492fd392, b6d02c6d, 0, 1, 18f73831, e708c7ce, 1, 0,               300619                 1124
00000000, 00000000, 00000000, 00000000, 0, 0, 00000000, 00000000, 0, 0,               301686                 1067
e66148cc, 199eb733, 3fbb3b7f, c044c480, 0, 1, 261c844b, d9e37bb4, 1, 0,               302828                 1142
00000000, 00000000, 00000000, 00000000, 0, 0, 00000000, 00000000, 0, 0,               303891                 1063
b446fe68, 4bb90197, 7d6df5fa, 82920a05, 0, 1, 31b4f462, ce4b0b9d, 1, 0,               305012                 1121
00000000, 00000000, 00000000, 00000000, 0, 0, 00000000, 00000000, 0, 0,               306097                 1085
f54634ea, 0ab9cb15, 19452132, e6badecd, 1, 0, 0e8b561d, f174a9e2, 1, 0,               307229                 1132
00000000, 00000000, 00000000, 00000000, 0, 0, 00000000, 00000000, 0, 0,               308284                 1055
2cb6a959, d34956a6, 424fcd84, bdb0327b, 0, 1, 6f0676dd, 90f98922, 0, 1,               309628                 1344
00000000, 00000000, 00000000, 00000000, 0, 0, 00000000, 00000000, 0, 0,               310686                 1058
bc271278, 43d8ed87, 6543cfca, 9abc3035, 1, 0, 216ae243, de951dbc, 1, 0,               311812                 1126
00000000, 00000000, 00000000, 00000000, 0, 0, 00000000, 00000000, 0, 0,               312883                 1071
b8718070, 478e7f8f, d095a8a1, 2f6a575e, 0, 1, 89072911, 76f8d6ee, 1, 0,               313987                 1104
00000000, 00000000, 00000000, 00000000, 0, 0, 00000000, 00000000, 0, 0,               315055                 1068
f4fa04e9, 0b05fb16, fd8b6afb, 02749504, 1, 0, f2856fe5, 0d7a901a, 1, 0,               316189                 1134
00000000, 00000000, 00000000, 00000000, 0, 0, 00000000, 00000000, 0, 0,               317257                 1068
e0a83ec1, 1f57c13e, f78290ef, 087d6f10, 1, 0, d82acfb1, 27d5304e, 1, 0,               318379                 1122
00000000, 00000000, 00000000, 00000000, 0, 0, 00000000, 00000000, 0, 0,               319432                 1053
aeaf125d, 5150eda2, 1b60e536, e49f1ac9, 1, 0, ca0ff794, 35f0086b, 0, 1,               321106                 1674
00000000, 00000000, 00000000, 00000000, 0, 0, 00000000, 00000000, 0, 0,               322182                 1076
d7a998af, 28566750, c7e8568f, 3817a970, 1, 0, 9f91ef3f, 606e10c0, 1, 0,               323294                 1112
00000000, 00000000, 00000000, 00000000, 0, 0, 00000000, 00000000, 0, 0,               324348                 1054
e70518ce, 18fae731, 4465e788, bb9a1877, 0, 1, 2b6b0056, d494ffa9, 1, 0,               326041                 1693
00000000, 00000000, 00000000, 00000000, 0, 0, 00000000, 00000000, 0, 0,               327108                 1067
57b9a3af, a8465c50, 4df3819b, b20c7e64, 0, 1, a5ad254a, 5a52dab5, 0, 1,               328119                 1011
00000000, 00000000, 00000000, 00000000, 0, 0, 00000000, 00000000, 0, 0,               329185                 1066
4ce19799, b31e6866, 1444df28, ebbb20d7, 1, 0, 612676c2, 9ed9893d, 0, 1,               330193                 1008
00000000, 00000000, 00000000, 00000000, 0, 0, 00000000, 00000000, 0, 0,               331250                 1057
99d02633, 662fd9cc, 25b75f4b, da48a0b4, 0, 1, bf87857e, 40787a81, 0, 1,               332515                 1265
00000000, 00000000, 00000000, 00000000, 0, 0, 00000000, 00000000, 0, 0,               333579                 1064
e1a39cc3, 1e5c633c, 8f1cf61e, 70e309e1, 1, 0, 70c092e2, 8f3f6d1d, 1, 0,               335035                 1456
00000000, 00000000, 00000000, 00000000, 0, 0, 00000000, 00000000, 0, 0,               336112                 1077
9a560e34, 65a9f1cb, 7679fdec, 89860213, 0, 1, 10d00c20, ef2ff3df, 1, 0,               337798                 1686
00000000, 00000000, 00000000, 00000000, 0, 0, 00000000, 00000000, 0, 0,               338878                 1080
02a9a905, fd5656fa, 68ae1bd1, 9751e42e, 0, 1, 6b57c4d6, 94a83b29, 0, 1,               340106                 1228
00000000, 00000000, 00000000, 00000000, 0, 0, 00000000, 00000000, 0, 0,               341166                 1060
65b9c3cb, 9a463c34, a0c02441, 5f3fdbbe, 1, 0, 0679e80d, f98617f2, 1, 0,               342414                 1248
00000000, 00000000, 00000000, 00000000, 0, 0, 00000000, 00000000, 0, 0,               343466                 1052
a5027e4a, 5afd81b5, 6c44f9d8, 93bb0627, 1, 0, 11477823, eeb887dc, 1, 0,               344708                 1242
00000000, 00000000, 00000000, 00000000, 0, 0, 00000000, 00000000, 0, 0,               345775                 1067
c0728080, 3f8d7f7f, ab196256, 54e69da9, 1, 0, 6b8be2d7, 94741d28, 1, 0,               347123                 1348
00000000, 00000000, 00000000, 00000000, 0, 0, 00000000, 00000000, 0, 0,               348193                 1070
6c0115d8, 93feea27, f166fae2, 0e99051d, 0, 1, 5d6810ba, a297ef45, 1, 0,               349655                 1462
00000000, 00000000, 00000000, 00000000, 0, 0, 00000000, 00000000, 0, 0,               350723                 1068
9dcaca3b, 623535c4, 39ac0373, c653fc8c, 0, 1, d776cdae, 28893251, 0, 1,               351729                 1006
00000000, 00000000, 00000000, 00000000, 0, 0, 00000000, 00000000, 0, 0,               352784                 1055
702b69e0, 8fd4961f, 093e4d12, f6c1b2ed, 0, 1, 7969b6f2, 8696490d, 0, 1,               354008                 1224
00000000, 00000000, 00000000, 00000000, 0, 0, 00000000, 00000000, 0, 0,               355055                 1047
6e89b7dd, 91764822, 9c811239, 637eedc6, 1, 0, 0b0aca17, f4f535e8, 1, 0,               356313                 1258
00000000, 00000000, 00000000, 00000000, 0, 0, 00000000, 00000000, 0, 0,               357371                 1058
36bc696d, c9439692, d0c5dca1, 2f3a235e, 1, 0, 0782460f, f87db9f0, 1, 0,               358611                 1240
00000000, 00000000, 00000000, 00000000, 0, 0, 00000000, 00000000, 0, 0,               359675                 1064
cc535a98, 33aca567, 40905d81, bf6fa27e, 0, 1, 0ce3b819, f31c47e6, 1, 0,               360808                 1133
00000000, 00000000, 00000000, 00000000, 0, 0, 00000000, 00000000, 0, 0,               361866                 1058
32b0c965, cd4f369a, 13b55527, ec4aaad8, 1, 0, 46661e8d, b999e172, 0, 1,               362991                 1125
00000000, 00000000, 00000000, 00000000, 0, 0, 00000000, 00000000, 0, 0,               364058                 1067
585829b0, a7a7d64f, 8f8c6e1f, 707391e0, 0, 1, e7e497cf, 181b6830, 0, 1,               365432                 1374
00000000, 00000000, 00000000, 00000000, 0, 0, 00000000, 00000000, 0, 0,               366489                 1057
5f16efbe, a0e91041, 2c2d2358, d3d2dca7, 0, 1, 8b441316, 74bbece9, 0, 1,               367721                 1232
00000000, 00000000, 00000000, 00000000, 0, 0, 00000000, 00000000, 0, 0,               368779                 1058
3bab4f77, c454b088, 0a6e9314, f5916ceb, 0, 1, 4619e28b, b9e61d74, 0, 1,               369919                 1140
00000000, 00000000, 00000000, 00000000, 0, 0, 00000000, 00000000, 0, 0,               370970                 1051
c719c88e, 38e63771, cb227096, 34dd8f69, 1, 0, 923c3925, 6dc3c6da, 1, 0,               372106                 1136
00000000, 00000000, 00000000, 00000000, 0, 0, 00000000, 00000000, 0, 0,               373174                 1068
8558140a, 7aa7ebf5, 2ac2d555, d53d2aaa, 1, 0, b01ae960, 4fe5169f, 0, 1,               374519                 1345
00000000, 00000000, 00000000, 00000000, 0, 0, 00000000, 00000000, 0, 0,               375581                 1062
52feb3a5, ad014c5a, 158b2b2b, ea74d4d4, 1, 0, 6889ded1, 9776212e, 0, 1,               376726                 1145
00000000, 00000000, 00000000, 00000000, 0, 0, 00000000, 00000000, 0, 0,               377782                 1056
160e412c, e9f1bed3, 56b403ad, a94bfc52, 1, 0, 6cc244da, 933dbb25, 0, 1,               378889                 1107
00000000, 00000000, 00000000, 00000000, 0, 0, 00000000, 00000000, 0, 0,               379943                 1054
a20e5444, 5df1abbb, 4249ff84, bdb6007b, 1, 0, e45853c9, 1ba7ac36, 0, 1,               381201                 1258
00000000, 00000000, 00000000, 00000000, 0, 0, 00000000, 00000000, 0, 0,               382267                 1066
d2fd76a5, 2d02895a, f3d7a6e7, 0c285918, 1, 0, c6d51d8d, 392ae272, 1, 0,               383271                 1004
00000000, 00000000, 00000000, 00000000, 0, 0, 00000000, 00000000, 0, 0,               384339                 1068
48208390, b7df7c6f, a4da5649, 5b25a9b6, 1, 0, ecfad9da, 13052625, 0, 1,               385688                 1349
00000000, 00000000, 00000000, 00000000, 0, 0, 00000000, 00000000, 0, 0,               386751                 1063
e93790d2, 16c86f2d, 64ba0fc9, 9b45f036, 1, 0, 4df1a09c, b20e5f63, 1, 0,               388111                 1360
00000000, 00000000, 00000000, 00000000, 0, 0, 00000000, 00000000, 0, 0,               389177                 1066
22431b44, ddbce4bb, d0bc5ea1, 2f43a15e, 0, 1, f2ff79e5, 0d00861a, 0, 1,               390878                 1701
00000000, 00000000, 00000000, 00000000, 0, 0, 00000000, 00000000, 0, 0,               391949                 1071
f0b208e1, 0f4df71e, 7d2a45fa, 82d5ba05, 1, 0, 6ddc4edc, 9223b123, 1, 0,               392979                 1030
00000000, 00000000, 00000000, 00000000, 0, 0, 00000000, 00000000, 0, 0,               394050                 1071
d0b3e8a1, 2f4c175e, 41a10583, be5efa7c, 0, 1, 1254ee24, edab11db, 1, 0,               395128                 1078
00000000, 00000000, 00000000, 00000000, 0, 0, 00000000, 00000000, 0, 0,               396186                 1058
29be5753, d641a8ac, b9461472, 46b9eb8d, 0, 1, e3046bc5, 1cfb943a, 0, 1,               397530                 1344
00000000, 00000000, 00000000, 00000000, 0, 0, 00000000, 00000000, 0, 0,               398585                 1055
6d2585da, 92da7a25, b455f268, 4baa0d97, 1, 0, 217b7843, de8487bc, 1, 0,               399827                 1242
00000000, 00000000, 00000000, 00000000, 0, 0, 00000000, 00000000, 0, 0,               400890                 1063
d1914aa3, 2e6eb55c, 43460d86, bcb9f279, 0, 1, 14d75829, eb28a7d6, 1, 0,               402028                 1138
00000000, 00000000, 00000000, 00000000, 0, 0, 00000000, 00000000, 0, 0,               403089                 1061
7b0733f6, 84f8cc09, 1c719738, e38e68c7, 0, 1, 9778cb2e, 688734d1, 0, 1,               404227                 1138
00000000, 00000000, 00000000, 00000000, 0, 0, 00000000, 00000000, 0, 0,               405284                 1057
12317324, edce8cdb, 94097628, 6bf689d7, 0, 1, a63ae94c, 59c516b3, 0, 1,               406385                 1101
00000000, 00000000, 00000000, 00000000, 0, 0, 00000000, 00000000, 0, 0,               407448                 1063
8447be08, 7bb841f7, e2bf1ac5, 1d40e53a, 0, 1, 6706d8cd, 98f92732, 1, 0,               408784                 1336
00000000, 00000000, 00000000, 00000000, 0, 0, 00000000, 00000000, 0, 0,               409846                 1062
4fe4759f, b01b8a60, 3a625f74, c59da08b, 1, 0, 8a46d514, 75b92aeb, 0, 1,               410973                 1127
00000000, 00000000, 00000000, 00000000, 0, 0, 00000000, 00000000, 0, 0,               412045                 1072
07cb690f, f83496f0, d86a6ab0, 2795954f, 0, 1, e035d3bf, 1fca2c40, 0, 1,               413491                 1446
00000000, 00000000, 00000000, 00000000, 0, 0, 00000000, 00000000, 0, 0,               414553                 1062
f9f37cf3, 060c830c, 1521932a, eade6cd5, 0, 1, 0f15101d, f0eaefe2, 1, 0,               416013                 1460
00000000, 00000000, 00000000, 00000000, 0, 0, 00000000, 00000000, 0, 0,               417074                 1061
ff8cb6ff, 00734900, 0aec3515, f513caea, 1, 0, 0a78ec15, f58713ea, 1, 0,               418436                 1362
00000000, 00000000, 00000000, 00000000, 0, 0, 00000000, 00000000, 0, 0,               419499                 1063
7e5e87fc, 81a17803, 0be29d17, f41d62e8, 1, 0, 8a412514, 75bedaeb, 0, 1,               420728                 1229
00000000, 00000000, 00000000, 00000000, 0, 0, 00000000, 00000000, 0, 0,               421803                 1075
83205c06, 7cdfa3f9, 64b5e3c9, 9b4a1c36, 0, 1, e7d63fcf, 1829c030, 0, 1,               423519                 1716
00000000, 00000000, 00000000, 00000000, 0, 0, 00000000, 00000000, 0, 0,               424584                 1065
ffd6d2ff, 00292d00, 1297cb25, ed6834da, 1, 0, 126e9e25, ed9161da, 1, 0,               425714                 1130
00000000, 00000000, 00000000, 00000000, 0, 0, 00000000, 00000000, 0, 0,               426783                 1069
98141630, 67ebe9cf, c69da28d, 39625d72, 0, 1, 5eb1b8bd, a14e4742, 1, 0,               428015                 1232
00000000, 00000000, 00000000, 00000000, 0, 0, 00000000, 00000000, 0, 0,               429083                 1068
e31838c6, 1ce7c739, 03d62707, fc29d8f8, 0, 1, e6ee5fcd, 1911a032, 0, 1,               430665                 1582
00000000, 00000000, 00000000, 00000000, 0, 0, 00000000, 00000000, 0, 0,               431719                 1054
4c609598, b39f6a67, 060a5d0c, f9f5a2f3, 1, 0, 526af2a5, ad950d5a, 0, 1,               432717                  998
00000000, 00000000, 00000000, 00000000, 0, 0, 00000000, 00000000, 0, 0,               433782                 1065
a4799048, 5b866fb7, 9de17c3b, 621e83c4, 0, 1, 425b0c83, bda4f37c, 1, 0,               434923                 1141
00000000, 00000000, 00000000, 00000000, 0, 0, 00000000, 00000000, 0, 0,               435990                 1067
6fe64ddf, 9019b220, fbdfc2f7, 04203d08, 0, 1, 6bc610d6, 9439ef29, 1, 0,               437226                 1236
00000000, 00000000, 00000000, 00000000, 0, 0, 00000000, 00000000, 0, 0,               438308                 1082
984c0830, 67b3f7cf, ae78585c, 5187a7a3, 1, 0, 46c4608d, b93b9f72, 1, 0,               439346                 1038
00000000, 00000000, 00000000, 00000000, 0, 0, 00000000, 00000000, 0, 0,               440410                 1064
d8ad60b1, 27529f4e, 902a3a20, 6fd5c5df, 0, 1, 68d79ad1, 9728652e, 1, 0,               441508                 1098
00000000, 00000000, 00000000, 00000000, 0, 0, 00000000, 00000000, 0, 0,               442571                 1063
b0619060, 4f9e6f9f, 39600972, c69ff68d, 0, 1, e9c199d2, 163e662d, 0, 1,               443576                 1005
00000000, 00000000, 00000000, 00000000, 0, 0, 00000000, 00000000, 0, 0,               444646                 1070
c2608284, 3d9f7d7b, 6e8af5dd, 91750a22, 1, 0, 30eb7862, cf14879d, 1, 0,               445790                 1144
00000000, 00000000, 00000000, 00000000, 0, 0, 00000000, 00000000, 0, 0,               446854                 1064
0ed2331d, f12dcce2, 25b0994b, da4f66b4, 1, 0, 3482cc69, cb7d3396, 0, 1,               447883                 1029
00000000, 00000000, 00000000, 00000000, 0, 0, 00000000, 00000000, 0, 0,               448943                 1060
bc3acc78, 43c53387, cf63da9e, 309c2561, 1, 0, 8b9ea717, 746158e8, 1, 0,               450068                 1125
00000000, 00000000, 00000000, 00000000, 0, 0, 00000000, 00000000, 0, 0,               451129                 1061
81d87203, 7e278dfc, bde0d27b, 421f2d84, 1, 0, 3fb9447f, c046bb80, 1, 0,               452398                 1269
00000000, 00000000, 00000000, 00000000, 0, 0, 00000000, 00000000, 0, 0,               453467                 1069
6960a5d2, 969f5a2d, 81c39a03, 7e3c65fc, 1, 0, eb243fd6, 14dbc029, 0, 1,               455160                 1693
00000000, 00000000, 00000000, 00000000, 0, 0, 00000000, 00000000, 0, 0,               456226                 1066
ee5cb2dc, 11a34d23, 0e92431d, f16dbce2, 1, 0, fceef5fa, 03110a05, 0, 1,               457435                 1209
00000000, 00000000, 00000000, 00000000, 0, 0, 00000000, 00000000, 0, 0,               458489                 1054
465ba38c, b9a45c73, 22119f44, ddee60bb, 1, 0, 686d42d1, 9792bd2e, 0, 1,               459726                 1237
00000000, 00000000, 00000000, 00000000, 0, 0, 00000000, 00000000, 0, 0,               460790                 1064
9e87903d, 61786fc2, f01d34e0, 0fe2cb1f, 1, 0, 8ea4c51e, 715b3ae1, 1, 0,               461879                 1089
00000000, 00000000, 00000000, 00000000, 0, 0, 00000000, 00000000, 0, 0,               462940                 1061
633161c6, 9cce9e39, 297a1552, d685eaad, 0, 1, 8cab7718, 735488e7, 0, 1,               464051                 1111
00000000, 00000000, 00000000, 00000000, 0, 0, 00000000, 00000000, 0, 0,               465108                 1057
4f73459e, b08cba61, 46dcb78d, b9234872, 0, 1, 964ffd2b, 69b002d4, 0, 1,               466807                 1699
00000000, 00000000, 00000000, 00000000, 0, 0, 00000000, 00000000, 0, 0,               467868                 1061
bc4d6e78, 43b29187, 4219e784, bde6187b, 0, 1, fe6755fc, 0198aa03, 0, 1,               469455                 1587
00000000, 00000000, 00000000, 00000000, 0, 0, 00000000, 00000000, 0, 0,               470508                 1053
24d40549, db2bfab6, c63a928c, 39c56d73, 0, 1, eb0e97d5, 14f1682a, 0, 1,               471865                 1357
00000000, 00000000, 00000000, 00000000, 0, 0, 00000000, 00000000, 0, 0,               472933                 1068
4536218a, bac9de75, 0beac117, f4153ee8, 0, 1, 5120e2a1, aedf1d5e, 0, 1,               474075                 1142
00000000, 00000000, 00000000, 00000000, 0, 0, 00000000, 00000000, 0, 0,               475143                 1068
4b2f6396, b4d09c69, 427b5784, bd84a87b, 0, 1, 8daabb1a, 725544e5, 0, 1,               476128                  985
00000000, 00000000, 00000000, 00000000, 0, 0, 00000000, 00000000, 0, 0,               477180                 1052
fec47cfd, 013b8302, 3e6f0f7c, c190f083, 0, 1, 3d338c79, c2cc7386, 1, 0,               478322                 1142
00000000, 00000000, 00000000, 00000000, 0, 0, 00000000, 00000000, 0, 0,               479395                 1073
78faadf1, 8705520e, 5d4a4dba, a2b5b245, 1, 0, d644fbac, 29bb0453, 0, 1,               480490                 1095
00000000, 00000000, 00000000, 00000000, 0, 0, 00000000, 00000000, 0, 0,               481560                 1070
4757138e, b8a8ec71, d31dfea6, 2ce20159, 1, 0, 1a751235, e58aedca, 1, 0,               482673                 1113
00000000, 00000000, 00000000, 00000000, 0, 0, 00000000, 00000000, 0, 0,               483746                 1073
9cb84c39, 6347b3c6, 19058332, e6fa7ccd, 0, 1, b5bdcf6b, 4a423094, 0, 1,               484973                 1227
00000000, 00000000, 00000000, 00000000, 0, 0, 00000000, 00000000, 0, 0,               486033                 1060
2637db4c, d9c824b3, a48f7c49, 5b7083b6, 0, 1, cac75795, 3538a86a, 0, 1,               487156                 1123
00000000, 00000000, 00000000, 00000000, 0, 0, 00000000, 00000000, 0, 0,               488220                 1064
49ec2793, b613d86c, 9ec9c03d, 61363fc2, 1, 0, e8b5e7d1, 174a182e, 0, 1,               489469                 1249
00000000, 00000000, 00000000, 00000000, 0, 0, 00000000, 00000000, 0, 0,               490532                 1063
542d1fa8, abd2e057, ae68305c, 5197cfa3, 1, 0, 02955005, fd6aaffa, 1, 0,               492247                 1715
00000000, 00000000, 00000000, 00000000, 0, 0, 00000000, 00000000, 0, 0,               493315                 1068
d07efaa0, 2f81055f, 433e9786, bcc16879, 1, 0, 13bd9227, ec426dd8, 1, 0,               494360                 1045
00000000, 00000000, 00000000, 00000000, 0, 0, 00000000, 00000000, 0, 0,               495437                 1077
61ed53c3, 9e12ac3c, da058ab4, 25fa754b, 0, 1, 3bf2de77, c40d2188, 1, 0,               496750                 1313
00000000, 00000000, 00000000, 00000000, 0, 0, 00000000, 00000000, 0, 0,               497808                 1058
c9e8ca93, 3617356c, 9622502c, 69ddafd3, 0, 1, 600b1abf, 9ff4e540, 1, 0,               499387                 1579
00000000, 00000000, 00000000, 00000000, 0, 0, 00000000, 00000000, 0, 0,               500453                 1066
49edf793, b612086c, 03e9b707, fc1648f8, 0, 1, 4dd7ae9a, b2285165, 0, 1,               501392                  939
00000000, 00000000, 00000000, 00000000, 0, 0, 00000000, 00000000, 0, 0,               502460                 1068
3d3a2d7a, c2c5d285, 0895f911, f76a06ee, 0, 1, 45d0268b, ba2fd974, 0, 1,               503911                 1451
00000000, 00000000, 00000000, 00000000, 0, 0, 00000000, 00000000, 0, 0,               504976                 1065
25c5734b, da3a8cb4, a5e79e4b, 5a1861b4, 1, 0, cbad1197, 3452ee68, 0, 1,               506096                 1120
00000000, 00000000, 00000000, 00000000, 0, 0, 00000000, 00000000, 0, 0,               507161                 1065
b6dcb66d, 49234992, 76295bec, 89d6a413, 1, 0, 2d06125a, d2f9eda5, 1, 0,               508401                 1240
00000000, 00000000, 00000000, 00000000, 0, 0, 00000000, 00000000, 0, 0,               509466                 1065
581801b0, a7e7fe4f, 520eefa4, adf1105b, 1, 0, aa26f155, 55d90eaa, 0, 1,               510598                 1132
00000000, 00000000, 00000000, 00000000, 0, 0, 00000000, 00000000, 0, 0,               511664                 1066
c2a25a85, 3d5da57a, 9ca70439, 6358fbc6, 1, 0, 5f495ebf, a0b6a140, 1, 0,               512915                 1251
00000000, 00000000, 00000000, 00000000, 0, 0, 00000000, 00000000, 0, 0,               513972                 1057
72c785e5, 8d387a1a, ea5814d4, 15a7eb2b, 1, 0, 5d1f9aba, a2e06545, 1, 0,               515417                 1445
00000000, 00000000, 00000000, 00000000, 0, 0, 00000000, 00000000, 0, 0,               516470                 1053
8e7bc41c, 71843be3, 4ea0419d, b15fbe62, 0, 1, dd1c05b9, 22e3fa46, 0, 1,               517593                 1123
00000000, 00000000, 00000000, 00000000, 0, 0, 00000000, 00000000, 0, 0,               518656                 1063
25de6d4b, da2192b4, 41103982, beefc67d, 1, 0, 66eea6ce, 99115931, 0, 1,               519734                 1078
00000000, 00000000, 00000000, 00000000, 0, 0, 00000000, 00000000, 0, 0,               520786                 1052
09edc313, f6123cec, ecb91ad9, 1346e526, 0, 1, f6a6ddec, 09592213, 0, 1,               521901                 1115
00000000, 00000000, 00000000, 00000000, 0, 0, 00000000, 00000000, 0, 0,               522960                 1059
c66d948c, 39926b73, 8e054c1c, 71fab3e3, 1, 0, 5472e0a9, ab8d1f56, 1, 0,               523992                 1032
00000000, 00000000, 00000000, 00000000, 0, 0, 00000000, 00000000, 0, 0,               525050                 1058
0a1d9514, f5e26aeb, 71b461e3, 8e4b9e1c, 0, 1, 7bd1f6f7, 842e0908, 0, 1,               526384                 1334
00000000, 00000000, 00000000, 00000000, 0, 0, 00000000, 00000000, 0, 0,               527446                 1062
2d55275a, d2aad8a5, e471f8c8, 1b8e0737, 1, 0, 11c72023, ee38dfdc, 1, 0,               528921                 1475
00000000, 00000000, 00000000, 00000000, 0, 0, 00000000, 00000000, 0, 0,               529988                 1067
c40c6088, 3bf39f77, 1d3f9d3a, e2c062c5, 0, 1, e14bfdc2, 1eb4023d, 0, 1,               531713                 1725
00000000, 00000000, 00000000, 00000000, 0, 0, 00000000, 00000000, 0, 0,               532781                 1068
fcb070f9, 034f8f06, 95a9a82b, 6a5657d4, 1, 0, 925a1925, 6da5e6da, 1, 0,               533900                 1119
00000000, 00000000, 00000000, 00000000, 0, 0, 00000000, 00000000, 0, 0,               534966                 1066
be59807c, 41a67f83, 897f1c12, 7680e3ed, 0, 1, 47d89c8e, b8276371, 1, 0,               536103                 1137
00000000, 00000000, 00000000, 00000000, 0, 0, 00000000, 00000000, 0, 0,               537160                 1057
775cd7ee, 88a32811, 2c848959, d37b76a6, 0, 1, a3e16147, 5c1e9eb8, 0, 1,               538411                 1251
00000000, 00000000, 00000000, 00000000, 0, 0, 00000000, 00000000, 0, 0,               539476                 1065
21a3ef43, de5c10bc, b759ea6e, 48a61591, 1, 0, d8fdd9b2, 2702264d, 0, 1,               540821                 1345
00000000, 00000000, 00000000, 00000000, 0, 0, 00000000, 00000000, 0, 0,               541889                 1068
30d3a361, cf2c5c9e, 6d8b87db, 92747824, 0, 1, 9e5f2b3c, 61a0d4c3, 0, 1,               543014                 1125
00000000, 00000000, 00000000, 00000000, 0, 0, 00000000, 00000000, 0, 0,               544078                 1064
7a62a3f4, 859d5c0b, 5d85d3bb, a27a2c44, 0, 1, d7e877af, 28178850, 0, 1,               545542                 1464
00000000, 00000000, 00000000, 00000000, 0, 0, 00000000, 00000000, 0, 0,               546611                 1069
a44eec48, 5bb113b7, 87e44c0f, 781bb3f0, 1, 0, 2c333858, d3ccc7a7, 1, 0,               547733                 1122
00000000, 00000000, 00000000, 00000000, 0, 0, 00000000, 00000000, 0, 0,               548788                 1055
80cbec01, 7f3413fe, 8653620c, 79ac9df3, 1, 0, 071f4e0e, f8e0b1f1, 1, 0,               549875                 1087
00000000, 00000000, 00000000, 00000000, 0, 0, 00000000, 00000000, 0, 0,               550936                 1061
68f179d1, 970e862e, 62fd49c5, 9d02b63a, 1, 0, cbeec397, 34113c68, 0, 1,               551954                 1018
00000000, 00000000, 00000000, 00000000, 0, 0, 00000000, 00000000, 0, 0,               553015                 1061
c323d886, 3cdc2779, 4839e590, b7c61a6f, 1, 0, 0b5dbe17, f4a241e8, 1, 0,               554236                 1221
00000000, 00000000, 00000000, 00000000, 0, 0, 00000000, 00000000, 0, 0,               555292                 1056
ed6994da, 12966b25, b4f9a469, 4b065b96, 1, 0, a2633944, 5d9cc6bb, 1, 0,               556317                 1025
00000000, 00000000, 00000000, 00000000, 0, 0, 00000000, 00000000, 0, 0,               557384                 1067
0c899319, f3766ce6, 2523654a, dadc9ab5, 0, 1, 31acf863, ce53079c, 0, 1,               558599                 1215
00000000, 00000000, 00000000, 00000000, 0, 0, 00000000, 00000000, 0, 0,               559658                 1059
9846fc30, 67b903cf, 4ddd4d9b, b222b264, 0, 1, e62449cb, 19dbb634, 0, 1,               560776                 1118
00000000, 00000000, 00000000, 00000000, 0, 0, 00000000, 00000000, 0, 0,               561844                 1068
861bc00c, 79e43ff3, 5c78b1b8, a3874e47, 1, 0, e29471c5, 1d6b8e3a, 0, 1,               562966                 1122
00000000, 00000000, 00000000, 00000000, 0, 0, 00000000, 00000000, 0, 0,               564031                 1065
8afbb815, 750447ea, c378ee86, 3c871179, 0, 1, 4e74a69b, b18b5964, 1, 0,               565058                 1027
00000000, 00000000, 00000000, 00000000, 0, 0, 00000000, 00000000, 0, 0,               566124                 1066
ca0be094, 35f41f6b, 3bed5377, c412ac88, 1, 0, 05f9340c, fa06cbf3, 1, 0,               567477                 1353
00000000, 00000000, 00000000, 00000000, 0, 0, 00000000, 00000000, 0, 0,               568545                 1068
443ffb88, bbc00477, 6a15f5d4, 95ea0a2b, 1, 0, ae55f15d, 51aa0ea2, 0, 1,               569689                 1144
00000000, 00000000, 00000000, 00000000, 0, 0, 00000000, 00000000, 0, 0,               570764                 1075
dff8b2bf, 20074d40, 3b0b9776, c4f46889, 1, 0, 1b044a36, e4fbb5c9, 1, 0,               571984                 1220
00000000, 00000000, 00000000, 00000000, 0, 0, 00000000, 00000000, 0, 0,               573051                 1067
ab510456, 54aefba9, 45e28b8b, ba1d7474, 1, 0, f1338fe2, 0ecc701d, 0, 1,               574529                 1478
00000000, 00000000, 00000000, 00000000, 0, 0, 00000000, 00000000, 0, 0,               575605                 1076
4fa78f9f, b0587060, 6d808bdb, 927f7424, 0, 1, bd281b7a, 42d7e485, 0, 1,               576733                 1128
00000000, 00000000, 00000000, 00000000, 0, 0, 00000000, 00000000, 0, 0,               577810                 1077
d84300b0, 27bcff4f, 611d9fc2, 9ee2603d, 1, 0, 3960a073, c69f5f8c, 1, 0,               579159                 1349
00000000, 00000000, 00000000, 00000000, 0, 0, 00000000, 00000000, 0, 0,               580232                 1073
92f4cc25, 6d0b33da, 9827fa30, 67d805cf, 1, 0, 2b1cc656, d4e339a9, 1, 0,               581256                 1024
00000000, 00000000, 00000000, 00000000, 0, 0, 00000000, 00000000, 0, 0,               582317                 1061
e65de4cc, 19a21b33, b302da66, 4cfd2599, 1, 0, 9960bf33, 669f40cc, 1, 0,               583681                 1364
00000000, 00000000, 00000000, 00000000, 0, 0, 00000000, 00000000, 0, 0,               584749                 1068
21931b43, de6ce4bc, f4d86ee9, 0b279116, 0, 1, 166b8a2c, e99475d3, 1, 0,               585875                 1126
00000000, 00000000, 00000000, 00000000, 0, 0, 00000000, 00000000, 0, 0,               586944                 1069
743d59e8, 8bc2a617, 8376ac06, 7c8953f9, 1, 0, f7b405ef, 084bfa10, 0, 1,               588402                 1458
00000000, 00000000, 00000000, 00000000, 0, 0, 00000000, 00000000, 0, 0,               589467                 1065
88f1e811, 770e17ee, 70ef37e1, 8f10c81e, 1, 0, f9e11ff3, 061ee00c, 0, 1,               591324                 1857
00000000, 00000000, 00000000, 00000000, 0, 0, 00000000, 00000000, 0, 0,               592408                 1084
da2b86b4, 25d4794b, f7723eee, 088dc111, 0, 1, d19dc5a2, 2e623a5d, 1, 0,               593533                 1125
00000000, 00000000, 00000000, 00000000, 0, 0, 00000000, 00000000, 0, 0,               594600                 1067
7062c1e0, 8f9d3e1f, f29c5ee5, 0d63a11a, 0, 1, 62ff20c5, 9d00df3a, 1, 0,               596170                 1570
00000000, 00000000, 00000000, 00000000, 0, 0, 00000000, 00000000, 0, 0,               597250                 1080
c1ef0e83, 3e10f17c, 322f7d64, cdd0829b, 1, 0, f41e8be8, 0be17417, 0, 1,               598600                 1350
00000000, 00000000, 00000000, 00000000, 0, 0, 00000000, 00000000, 0, 0,               599660                 1060
7d55a7fa, 82aa5805, f0eeaee1, 0f11511e, 1, 0, 6e4456dc, 91bba923, 1, 0,               600772                 1112
00000000, 00000000, 00000000, 00000000, 0, 0, 00000000, 00000000, 0, 0,               601838                 1066
5c03d7b8, a3fc2847, 3715156e, c8eaea91, 1, 0, 9318ed27, 6ce712d8, 0, 1,               602883                 1045
00000000, 00000000, 00000000, 00000000, 0, 0, 00000000, 00000000, 0, 0,               603952                 1069
b5447c6a, 4abb8395, 6a9fb9d5, 9560462a, 0, 1, 1fe4363f, e01bc9c0, 1, 0,               605503                 1551
00000000, 00000000, 00000000, 00000000, 0, 0, 00000000, 00000000, 0, 0,               606573                 1070
1cf6f139, e3090ec6, 786271f0, 879d8e0f, 0, 1, 95596329, 6aa69cd6, 0, 1,               607584                 1011
00000000, 00000000, 00000000, 00000000, 0, 0, 00000000, 00000000, 0, 0,               608647                 1063
aaa56055, 555a9faa, 079fc30f, f8603cf0, 1, 0, b2452365, 4dbadc9a, 0, 1,               609764                 1117
00000000, 00000000, 00000000, 00000000, 0, 0, 00000000, 00000000, 0, 0,               610832                 1068
6a5d7dd4, 95a2822b, be9bbc7d, 41644382, 0, 1, 28f93a51, d706c5ae, 1, 0,               611866                 1034
00000000, 00000000, 00000000, 00000000, 0, 0, 00000000, 00000000, 0, 0,               612941                 1075
67fc0bcf, 9803f430, f161dce2, 0e9e231d, 0, 1, 595de8b1, a6a2174e, 1, 0,               614083                 1142
00000000, 00000000, 00000000, 00000000, 0, 0, 00000000, 00000000, 0, 0,               615148                 1065
199e8933, e66176cc, d4b5e6a9, 2b4a1956, 1, 0, ee546fdd, 11ab9022, 0, 1,               616498                 1350
00000000, 00000000, 00000000, 00000000, 0, 0, 00000000, 00000000, 0, 0,               617559                 1061
17e2312f, e81dced0, ade7d05b, 52182fa4, 1, 0, c5ca018b, 3a35fe74, 0, 1,               618794                 1235
00000000, 00000000, 00000000, 00000000, 0, 0, 00000000, 00000000, 0, 0,               619866                 1072
cb87ea97, 34781568, 25029b4a, dafd64b5, 1, 0, f08a85e2, 0f757a1d, 0, 1,               621019                 1153
00000000, 00000000, 00000000, 00000000, 0, 0, 00000000, 00000000, 0, 0,               622082                 1063
ca9ee495, 35611b6a, 098e2d13, f671d2ec, 1, 0, d42d11a9, 2bd2ee56, 0, 1,               623106                 1024
00000000, 00000000, 00000000, 00000000, 0, 0, 00000000, 00000000, 0, 0,               624161                 1055
3666256c, c999da93, 32dc4165, cd23be9a, 1, 0, 694266d2, 96bd992d, 0, 1,               625274                 1113
00000000, 00000000, 00000000, 00000000, 0, 0, 00000000, 00000000, 0, 0,               626340                 1066
e1a4f4c3, 1e5b0b3c, db983ab7, 2467c548, 1, 0, bd3d2f7b, 42c2d084, 1, 0,               627561                 1221
00000000, 00000000, 00000000, 00000000, 0, 0, 00000000, 00000000, 0, 0,               628629                 1068
0517470a, fae8b8f5, 9d12083a, 62edf7c5, 1, 0, a2294f45, 5dd6b0ba, 0, 1,               629840                 1211
00000000, 00000000, 00000000, 00000000, 0, 0, 00000000, 00000000, 0, 0,               630897                 1057
87104a0e, 78efb5f1, 317c0762, ce83f89d, 0, 1, b88c5170, 4773ae8f, 0, 1,               631950                 1053
00000000, 00000000, 00000000, 00000000, 0, 0, 00000000, 00000000, 0, 0,               633018                 1068
4450cd88, bbaf3277, 1513dd2a, eaec22d5, 1, 0, 5964aab3, a69b554c, 0, 1,               634017                  999
00000000, 00000000, 00000000, 00000000, 0, 0, 00000000, 00000000, 0, 0,               635075                 1058
9afa4835, 6505b7ca, 2cee5f59, d311a0a6, 1, 0, c7e8a78f, 38175870, 0, 1,               636214                 1139
00000000, 00000000, 00000000, 00000000, 0, 0, 00000000, 00000000, 0, 0,               637272                 1058
18108130, e7ef7ecf, 76de6bed, 89219412, 1, 0, 8eeeed1e, 711112e1, 0, 1,               638416                 1144
00000000, 00000000, 00000000, 00000000, 0, 0, 00000000, 00000000, 0, 0,               639480                 1064
9a3d3434, 65c2cbcb, a0aecc41, 5f5133be, 1, 0, 3aec0076, c513ff89, 1, 0,               641056                 1576
00000000, 00000000, 00000000, 00000000, 0, 0, 00000000, 00000000, 0, 0,               642124                 1068
d1f052a3, 2e0fad5c, eda71cdb, 1258e324, 1, 0, bf976f7f, 40689080, 1, 0,               643381                 1257
00000000, 00000000, 00000000, 00000000, 0, 0, 00000000, 00000000, 0, 0,               644446                 1065
a1fe8a43, 5e0175bc, 38139f70, c7ec608f, 0, 1, da1229b3, 25edd64c, 0, 1,               645692                 1246
00000000, 00000000, 00000000, 00000000, 0, 0, 00000000, 00000000, 0, 0,               646749                 1057
2dd5435b, d22abca4, d14820a2, 2eb7df5d, 1, 0, ff1d63fe, 00e29c01, 0, 1,               648310                 1561
00000000, 00000000, 00000000, 00000000, 0, 0, 00000000, 00000000, 0, 0,               649372                 1062
c9186092, 36e79f6d, b555de6a, 4aaa2195, 0, 1, 7e6e3efc, 8191c103, 1, 0,               650753                 1381
00000000, 00000000, 00000000, 00000000, 0, 0, 00000000, 00000000, 0, 0,               651809                 1056
a5313c4a, 5acec3b5, a86c5e50, 5793a1af, 1, 0, 4d9d9a9b, b2626564, 1, 0,               652918                 1109
00000000, 00000000, 00000000, 00000000, 0, 0, 00000000, 00000000, 0, 0,               653972                 1054
0439d108, fbc62ef7, 929d5825, 6d62a7da, 0, 1, 96d7292d, 6928d6d2, 0, 1,               654975                 1003
00000000, 00000000, 00000000, 00000000, 0, 0, 00000000, 00000000, 0, 0,               656038                 1063
21cffb43, de3004bc, 7b7b89f6, 84847609, 0, 1, 9d4b8539, 62b47ac6, 0, 1,               657173                 1135
00000000, 00000000, 00000000, 00000000, 0, 0, 00000000, 00000000, 0, 0,               658236                 1063
9b564c36, 64a9b3c9, 11cc9b23, ee3364dc, 1, 0, ad22e75a, 52dd18a5, 0, 1,               659355                 1119
00000000, 00000000, 00000000, 00000000, 0, 0, 00000000, 00000000, 0, 0,               660410                 1055
0fe6db1f, f01924e0, 644605c8, 9bb9fa37, 1, 0, 742ce0e8, 8bd31f17, 0, 1,               661651                 1241
00000000, 00000000, 00000000, 00000000, 0, 0, 00000000, 00000000, 0, 0,               662717                 1066
4ebbfd9d, b1440262, 870cee0e, 78f311f1, 1, 0, d5c8ebac, 2a371453, 0, 1,               663850                 1133
00000000, 00000000, 00000000, 00000000, 0, 0, 00000000, 00000000, 0, 0,               664928                 1078
93dfd227, 6c202dd8, 0671030c, f98efcf3, 0, 1, 9a50d533, 65af2acc, 0, 1,               666046                 1118
00000000, 00000000, 00000000, 00000000, 0, 0, 00000000, 00000000, 0, 0,               667099                 1053
97e9302f, 6816cfd0, 6a1a61d4, 95e59e2b, 1, 0, 02039204, fdfc6dfb, 1, 0,               668576                 1477
00000000, 00000000, 00000000, 00000000, 0, 0, 00000000, 00000000, 0, 0,               669647                 1071
ab173856, 54e8c7a9, 5ca26fb9, a35d9046, 1, 0, 07b9a810, f84657ef, 1, 0,               671122                 1475
00000000, 00000000, 00000000, 00000000, 0, 0, 00000000, 00000000, 0, 0,               672195                 1073
65f8a9cb, 9a075634, 7a4fbff4, 85b0400b, 1, 0, e04869c0, 1fb7963f, 0, 1,               673651                 1456
00000000, 00000000, 00000000, 00000000, 0, 0, 00000000, 00000000, 0, 0,               674735                 1084
ef84b6df, 107b4920, 066cf10c, f9930ef3, 1, 0, f5f1a7ec, 0a0e5813, 0, 1,               676075                 1340
00000000, 00000000, 00000000, 00000000, 0, 0, 00000000, 00000000, 0, 0,               677145                 1070
3f3d097e, c0c2f681, 01729302, fe8d6cfd, 1, 0, 40af9c81, bf50637e, 0, 1,               678515                 1370
00000000, 00000000, 00000000, 00000000, 0, 0, 00000000, 00000000, 0, 0,               679581                 1066
c507208a, 3af8df75, 02fbf905, fd0406fa, 0, 1, c803198f, 37fce670, 0, 1,               681404                 1823
00000000, 00000000, 00000000, 00000000, 0, 0, 00000000, 00000000, 0, 0,               682472                 1068
41633182, be9cce7d, 013f2902, fec0d6fd, 0, 1, 42a25a84, bd5da57b, 0, 1,               683589                 1117
00000000, 00000000, 00000000, 00000000, 0, 0, 00000000, 00000000, 0, 0,               684645                 1056
93cb5427, 6c34abd8, 847fb208, 7b804df7, 1, 0, 184b0630, e7b4f9cf, 1, 0,               685891                 1246
00000000, 00000000, 00000000, 00000000, 0, 0, 00000000, 00000000, 0, 0,               686966                 1075
ff3394fe, 00cc6b01, d7b48eaf, 284b7150, 0, 1, d6e823ad, 2917dc52, 1, 0,               688090                 1124
00000000, 00000000, 00000000, 00000000, 0, 0, 00000000, 00000000, 0, 0,               689160                 1070
8e061e1c, 71f9e1e3, 48590990, b7a6f66f, 1, 0, d65f27ad, 29a0d852, 0, 1,               690516                 1356
00000000, 00000000, 00000000, 00000000, 0, 0, 00000000, 00000000, 0, 0,               691575                 1059
26caaf4d, d93550b2, a620904c, 59df6fb3, 1, 0, cceb3f9a, 3314c065, 0, 1,               693010                 1435
00000000, 00000000, 00000000, 00000000, 0, 0, 00000000, 00000000, 0, 0,               694065                 1055
07f9170f, f806e8f0, a005a640, 5ffa59bf, 1, 0, a7febd50, 580142af, 0, 1,               695838                 1773
00000000, 00000000, 00000000, 00000000, 0, 0, 00000000, 00000000, 0, 0,               696910                 1072
1ce04f39, e31fb0c6, 86ebb60d, 791449f2, 0, 1, a3cc0546, 5c33fab9, 0, 1,               698488                 1578
00000000, 00000000, 00000000, 00000000, 0, 0, 00000000, 00000000, 0, 0,               699560                 1072
cffa7e9f, 30058160, 16cbf92d, e93406d2, 1, 0, e6c677cd, 19398832, 0, 1,               700779                 1219
00000000, 00000000, 00000000, 00000000, 0, 0, 00000000, 00000000, 0, 0,               701849                 1070
c1760082, 3e89ff7d, 5e2551bc, a1daae43, 0, 1, 1f9b523e, e064adc1, 1, 0,               703206                 1357
00000000, 00000000, 00000000, 00000000, 0, 0, 00000000, 00000000, 0, 0,               704273                 1067
e8f828d1, 1707d72e, 60272dc0, 9fd8d23f, 0, 1, 491f5691, b6e0a96e, 1, 0,               705615                 1342
00000000, 00000000, 00000000, 00000000, 0, 0, 00000000, 00000000, 0, 0,               706673                 1058
500471a0, affb8e5f, d0cf6aa1, 2f30955e, 1, 0, 20d3dc42, df2c23bd, 1, 0,               707689                 1016
00000000, 00000000, 00000000, 00000000, 0, 0, 00000000, 00000000, 0, 0,               708751                 1062
bcad4e79, 4352b186, faf32ef5, 050cd10a, 1, 0, b7a07d6f, 485f8290, 1, 0,               709983                 1232
00000000, 00000000, 00000000, 00000000, 0, 0, 00000000, 00000000, 0, 0,               711051                 1068
30ffc361, cf003c9e, aeeacc5d, 511533a2, 0, 1, dfea8fbe, 20157041, 0, 1,               712299                 1248
00000000, 00000000, 00000000, 00000000, 0, 0, 00000000, 00000000, 0, 0,               713362                 1063
fb8378f7, 047c8708, b558a66a, 4aa75995, 0, 1, b0dc1f61, 4f23e09e, 1, 0,               714607                 1245
00000000, 00000000, 00000000, 00000000, 0, 0, 00000000, 00000000, 0, 0,               715669                 1062
8c4afa18, 73b505e7, dc4308b8, 23bcf747, 0, 1, 688e02d0, 9771fd2f, 1, 0,               717028                 1359
00000000, 00000000, 00000000, 00000000, 0, 0, 00000000, 00000000, 0, 0,               718103                 1075
1ed6593d, e129a6c2, fd7906fa, 0286f905, 0, 1, 1c4f6037, e3b09fc8, 1, 0,               719700                 1597
00000000, 00000000, 00000000, 00000000, 0, 0, 00000000, 00000000, 0, 0,               720768                 1068
ebf250d7, 140daf28, 83fa6407, 7c059bf8, 1, 0, 6fecb4df, 90134b20, 1, 0,               721777                 1009
00000000, 00000000, 00000000, 00000000, 0, 0, 00000000, 00000000, 0, 0,               722841                 1064
8f12b01e, 70ed4fe1, aada7455, 55258baa, 1, 0, 39ed2474, c612db8b, 1, 0,               723966                 1125
00000000, 00000000, 00000000, 00000000, 0, 0, 00000000, 00000000, 0, 0,               725038                 1072
3444a568, cbbb5a97, 22d5f145, dd2a0eba, 1, 0, 571a96ae, a8e56951, 0, 1,               726045                 1007
00000000, 00000000, 00000000, 00000000, 0, 0, 00000000, 00000000, 0, 0,               727103                 1058
f9e82af3, 0617d50c, ac93e059, 536c1fa6, 0, 1, a67c0b4c, 5983f4b3, 1, 0,               728329                 1226
00000000, 00000000, 00000000, 00000000, 0, 0, 00000000, 00000000, 0, 0,               729394                 1065
1223c724, eddc38db, b4497668, 4bb68997, 0, 1, c66d3d8c, 3992c273, 0, 1,               730425                 1031
00000000, 00000000, 00000000, 00000000, 0, 0, 00000000, 00000000, 0, 0,               731491                 1066
1d863f3b, e279c0c4, c838f490, 37c70b6f, 0, 1, e5bf33cb, 1a40cc34, 0, 1,               732830                 1339
00000000, 00000000, 00000000, 00000000, 0, 0, 00000000, 00000000, 0, 0,               733888                 1058
b223ec64, 4ddc139b, 0e43851c, f1bc7ae3, 1, 0, c0677181, 3f988e7e, 0, 1,               735135                 1247
00000000, 00000000, 00000000, 00000000, 0, 0, 00000000, 00000000, 0, 0,               736194                 1059
649c0fc9, 9b63f036, 55861fab, aa79e054, 0, 1, ba222f74, 45ddd08b, 0, 1,               737214                 1020
00000000, 00000000, 00000000, 00000000, 0, 0, 00000000, 00000000, 0, 0,               738280                 1066
8ad20015, 752dffea, 37b9656f, c8469a90, 0, 1, c28b6584, 3d749a7b, 0, 1,               739526                 1246
00000000, 00000000, 00000000, 00000000, 0, 0, 00000000, 00000000, 0, 0,               740599                 1073
d3934ca7, 2c6cb358, a2cc8845, 5d3377ba, 1, 0, 765fd4ed, 89a02b12, 1, 0,               742167                 1568
00000000, 00000000, 00000000, 00000000, 0, 0, 00000000, 00000000, 0, 0,               743224                 1057
32390f64, cdc6f09b, 45f3238b, ba0cdc74, 0, 1, 782c32ef, 87d3cd10, 0, 1,               744573                 1349
00000000, 00000000, 00000000, 00000000, 0, 0, 00000000, 00000000, 0, 0,               745641                 1068
2a3e1154, d5c1eeab, 6e1e1fdc, 91e1e023, 0, 1, 985c3130, 67a3cecf, 0, 1,               746750                 1109
00000000, 00000000, 00000000, 00000000, 0, 0, 00000000, 00000000, 0, 0,               747816                 1066
0a7e9b14, f58164eb, 0c978d19, f36872e6, 1, 0, 1716282e, e8e9d7d1, 0, 1,               748924                 1108
00000000, 00000000, 00000000, 00000000, 0, 0, 00000000, 00000000, 0, 0,               749983                 1059
6defc7db, 92103824, 9f398e3e, 60c671c1, 1, 0, 0d29561a, f2d6a9e5, 1, 0,               751233                 1250
00000000, 00000000, 00000000, 00000000, 0, 0, 00000000, 00000000, 0, 0,               752314                 1081
fb2e06f6, 04d1f909, ac782c58, 5387d3a7, 0, 1, a7a6334e, 5859ccb1, 1, 0,               753415                 1101
00000000, 00000000, 00000000, 00000000, 0, 0, 00000000, 00000000, 0, 0,               754470                 1055
7eb8fffd, 81470002, 2e36435c, d1c9bca3, 0, 1, acef4359, 5310bca6, 0, 1,               755717                 1247
00000000, 00000000, 00000000, 00000000, 0, 0, 00000000, 00000000, 0, 0,               756779                 1062
dc8aeeb9, 23751146, cd1d509a, 32e2af65, 0, 1, a9a83f53, 5657c0ac, 1, 0,               758095                 1316
00000000, 00000000, 00000000, 00000000, 0, 0, 00000000, 00000000, 0, 0,               759163                 1068
973e5a2e, 68c1a5d1, e2f066c5, 1d0f993a, 0, 1, 7a2ec0f3, 85d13f0c, 1, 0,               760409                 1246
00000000, 00000000, 00000000, 00000000, 0, 0, 00000000, 00000000, 0, 0,               761474                 1065
a0029040, 5ffd6fbf, 0d12031a, f2edfce5, 1, 0, ad14935b, 52eb6ca4, 0, 1,               762501                 1027
00000000, 00000000, 00000000, 00000000, 0, 0, 00000000, 00000000, 0, 0,               763569                 1068
d16262a2, 2e9d9d5d, 5934e9b2, a6cb164d, 0, 1, 2a974c54, d568b3ab, 1, 0,               764577                 1008
00000000, 00000000, 00000000, 00000000, 0, 0, 00000000, 00000000, 0, 0,               765629                 1052
0c941d19, f36be2e6, f4f00ee9, 0b0ff116, 1, 0, 01842c03, fe7bd3fc, 1, 0,               767097                 1468
00000000, 00000000, 00000000, 00000000, 0, 0, 00000000, 00000000, 0, 0,               768169                 1072
b2ba7265, 4d458d9a, 75ad73eb, 8a528c14, 0, 1, 2867e650, d79819af, 1, 0,               769302                 1133
00000000, 00000000, 00000000, 00000000, 0, 0, 00000000, 00000000, 0, 0,               770371                 1069
07c8270f, f837d8f0, 792c03f2, 86d3fc0d, 1, 0, 80f42b02, 7f0bd4fd, 0, 1,               771841                 1470
00000000, 00000000, 00000000, 00000000, 0, 0, 00000000, 00000000, 0, 0,               772913                 1072
8a868a15, 757975ea, 378c736f, c8738c90, 1, 0, c212fd85, 3ded027a, 0, 1,               774264                 1351
00000000, 00000000, 00000000, 00000000, 0, 0, 00000000, 00000000, 0, 0,               775319                 1055
4b8efd97, b4710268, d6a128ad, 295ed752, 0, 1, 22302644, ddcfd9bb, 1, 0,               776779                 1460
00000000, 00000000, 00000000, 00000000, 0, 0, 00000000, 00000000, 0, 0,               777852                 1073
bfa43a7f, 405bc580, 92f91225, 6d06edda, 1, 0, 529d4ca5, ad62b35a, 1, 0,               778969                 1117
00000000, 00000000, 00000000, 00000000, 0, 0, 00000000, 00000000, 0, 0,               780030                 1061
071e090e, f8e1f6f1, 55dd8dab, aa227254, 1, 0, 5cfb96ba, a3046945, 0, 1,               781134                 1104
00000000, 00000000, 00000000, 00000000, 0, 0, 00000000, 00000000, 0, 0,               782202                 1068
3fb4817f, c04b7e80, c03b3e80, 3fc4c17f, 1, 0, ffefc000, 00103fff, 0, 1,               784468                 2266
00000000, 00000000, 00000000, 00000000, 0, 0, 00000000, 00000000, 0, 0,               785548                 1080
aca42c59, 535bd3a6, 412dfd82, bed2027d, 0, 1, edd229db, 122dd624, 0, 1,               786682                 1134
00000000, 00000000, 00000000, 00000000, 0, 0, 00000000, 00000000, 0, 0,               787746                 1064
c16ca082, 3e935f7d, 2ba7a557, d4585aa8, 0, 1, ed1445d9, 12ebba26, 0, 1,               788867                 1121
00000000, 00000000, 00000000, 00000000, 0, 0, 00000000, 00000000, 0, 0,               789925                 1058
076d2f0e, f892d0f1, 196a0332, e695fccd, 1, 0, 20d73241, df28cdbe, 0, 1,               791168                 1243
00000000, 00000000, 00000000, 00000000, 0, 0, 00000000, 00000000, 0, 0,               792232                 1064
aaca1055, 5535efaa, f24baee4, 0db4511b, 0, 1, 9d15bf39, 62ea40c6, 1, 0,               793601                 1369
00000000, 00000000, 00000000, 00000000, 0, 0, 00000000, 00000000, 0, 0,               794664                 1063
15cc092b, ea33f6d4, d57fecaa, 2a801355, 0, 1, eb4bf5d5, 14b40a2a, 0, 1,               796032                 1368
00000000, 00000000, 00000000, 00000000, 0, 0, 00000000, 00000000, 0, 0,               797094                 1062
d8a14eb1, 275eb14e, 9759882e, 68a677d1, 0, 1, 6ffad6df, 90052920, 1, 0,               798930                 1836
00000000, 00000000, 00000000, 00000000, 0, 0, 00000000, 00000000, 0, 0,               799984                 1054
f7e456ef, 081ba910, b8c0c271, 473f3d8e, 1, 0, b0a51961, 4f5ae69e, 1, 0,               801216                 1232
00000000, 00000000, 00000000, 00000000, 0, 0, 00000000, 00000000, 0, 0,               802281                 1065
6fbfc9df, 90403620, 5e5421bc, a1abde43, 0, 1, ce13eb9b, 31ec1464, 0, 1,               803604                 1323
00000000, 00000000, 00000000, 00000000, 0, 0, 00000000, 00000000, 0, 0,               804669                 1065
002aad00, ffd552ff, 0bec5717, f413a8e8, 1, 0, 0c170418, f3e8fbe7, 0, 1,               806016                 1347
00000000, 00000000, 00000000, 00000000, 0, 0, 00000000, 00000000, 0, 0,               807086                 1070
f898b2f1, 07674d0e, 75fb21eb, 8a04de14, 1, 0, 6e93d4dd, 916c2b22, 1, 0,               808200                 1114
00000000, 00000000, 00000000, 00000000, 0, 0, 00000000, 00000000, 0, 0,               809267                 1067
8433fc08, 7bcc03f7, c4fd2e89, 3b02d176, 1, 0, 49312a92, b6ced56d, 1, 0,               810375                 1108
00000000, 00000000, 00000000, 00000000, 0, 0, 00000000, 00000000, 0, 0,               811444                 1069
7d34f3fa, 82cb0c05, dff6f6bf, 20090940, 0, 1, 5d2beab9, a2d41546, 1, 0,               812434                  990
00000000, 00000000, 00000000, 00000000, 0, 0, 00000000, 00000000, 0, 0,               813514                 1080
e42bf4c8, 1bd40b37, e9b49ad3, 164b652c, 0, 1, cde08f9b, 321f7064, 1, 0,               814860                 1346
00000000, 00000000, 00000000, 00000000, 0, 0, 00000000, 00000000, 0, 0,               815926                 1066
e5ddf6cb, 1a220934, c144cc82, 3ebb337d, 0, 1, a722c34d, 58dd3cb2, 1, 0,               817048                 1122
00000000, 00000000, 00000000, 00000000, 0, 0, 00000000, 00000000, 0, 0,               818110                 1062
4d0a5d9a, b2f5a265, 38e6a771, c719588e, 1, 0, 85f1050c, 7a0efaf3, 0, 1,               819457                 1347
00000000, 00000000, 00000000, 00000000, 0, 0, 00000000, 00000000, 0, 0,               820520                 1063
93bb9a27, 6c4465d8, 87628e0e, 789d71f1, 1, 0, 1b1e2836, e4e1d7c9, 1, 0,               821518                  998
00000000, 00000000, 00000000, 00000000, 0, 0, 00000000, 00000000, 0, 0,               822578                 1060
6d5f7dda, 92a08225, 66861dcd, 9979e232, 1, 0, d3e59ba8, 2c1a6457, 0, 1,               823800                 1222
00000000, 00000000, 00000000, 00000000, 0, 0, 00000000, 00000000, 0, 0,               824867                 1067
e95d06d2, 16a2f92d, 0e3aeb1c, f1c514e3, 0, 1, f797f1ee, 08680e11, 0, 1,               826342                 1475
00000000, 00000000, 00000000, 00000000, 0, 0, 00000000, 00000000, 0, 0,               827408                 1066
9e4f723c, 61b08dc3, f67088ec, 098f7713, 0, 1, 94bffb28, 6b4004d7, 1, 0,               829433                 2025
00000000, 00000000, 00000000, 00000000, 0, 0, 00000000, 00000000, 0, 0,               830490                 1057
3fe48f7f, c01b7080, b2d14a65, 4d2eb59a, 1, 0, f2b5d9e5, 0d4a261a, 0, 1,               831616                 1126
00000000, 00000000, 00000000, 00000000, 0, 0, 00000000, 00000000, 0, 0,               832678                 1062
52149fa4, adeb605b, 81fa3603, 7e05c9fc, 0, 1, d40ed5a7, 2bf12a58, 0, 1,               834019                 1341
00000000, 00000000, 00000000, 00000000, 0, 0, 00000000, 00000000, 0, 0,               835081                 1062
644e91c8, 9bb16e37, feaddcfd, 01522302, 0, 1, 62fc6ec5, 9d03913a, 1, 0,               836181                 1100
00000000, 00000000, 00000000, 00000000, 0, 0, 00000000, 00000000, 0, 0,               837256                 1075
df20fabe, 20df0541, f43a34e8, 0bc5cb17, 0, 1, d35b2fa6, 2ca4d059, 1, 0,               838340                 1084
00000000, 00000000, 00000000, 00000000, 0, 0, 00000000, 00000000, 0, 0,               839402                 1062
530b59a6, acf4a659, 580989b0, a7f6764f, 0, 1, ab14e356, 54eb1ca9, 0, 1,               840401                  999
00000000, 00000000, 00000000, 00000000, 0, 0, 00000000, 00000000, 0, 0,               841449                 1048
6ab67bd5, 9549842a, 09164d12, f6e9b2ed, 0, 1, 73ccc8e7, 8c333718, 0, 1,               842536                 1087
00000000, 00000000, 00000000, 00000000, 0, 0, 00000000, 00000000, 0, 0,               843590                 1054
30e3ff61, cf1c009e, e2ba00c5, 1d45ff3a, 0, 1, 139e0026, ec61ffd9, 1, 0,               845524                 1934
00000000, 00000000, 00000000, 00000000, 0, 0, 00000000, 00000000, 0, 0,               846596                 1072
b78e706f, 48718f90, 1b0f0d36, e4f0f2c9, 1, 0, d29d7da6, 2d628259, 0, 1,               847946                 1350
00000000, 00000000, 00000000, 00000000, 0, 0, 00000000, 00000000, 0, 0,               849020                 1074
a6e2464d, 591db9b2, 7dddabfb, 82225404, 1, 0, 24bff249, db400db6, 1, 0,               850845                 1825
00000000, 00000000, 00000000, 00000000, 0, 0, 00000000, 00000000, 0, 0,               851921                 1076
64e7e9c9, 9b181636, 0bcbbf17, f43440e8, 1, 0, 70b3a8e1, 8f4c571e, 0, 1,               853139                 1218
00000000, 00000000, 00000000, 00000000, 0, 0, 00000000, 00000000, 0, 0,               854211                 1072
7bb37ff7, 844c8008, 8a47b614, 75b849eb, 0, 1, 05fb360b, fa04c9f4, 1, 0,               855526                 1315
00000000, 00000000, 00000000, 00000000, 0, 0, 00000000, 00000000, 0, 0,               856587                 1061
a8150e50, 57eaf1af, d3666ea6, 2c999159, 0, 1, 7b7b7cf6, 84848309, 1, 0,               857809                 1222
00000000, 00000000, 00000000, 00000000, 0, 0, 00000000, 00000000, 0, 0,               858878                 1069
b7be626f, 48419d90, e5ac10cb, 1a53ef34, 1, 0, 9d6a733b, 62958cc4, 1, 0,               859988                 1110
00000000, 00000000, 00000000, 00000000, 0, 0, 00000000, 00000000, 0, 0,               861041                 1053
2e5f875c, d1a078a3, 0277eb04, fd8814fb, 0, 1, 30d77260, cf288d9f, 0, 1,               862081                 1040
00000000, 00000000, 00000000, 00000000, 0, 0, 00000000, 00000000, 0, 0,               863148                 1067
81e3f803, 7e1c07fc, 468b618d, b9749e72, 1, 0, c86f5991, 3790a66e, 0, 1,               864269                 1121
00000000, 00000000, 00000000, 00000000, 0, 0, 00000000, 00000000, 0, 0,               865331                 1062
8edbd21d, 71242de2, 42e3bd85, bd1c427a, 1, 0, d1bf8fa3, 2e40705c, 0, 1,               866686                 1355
00000000, 00000000, 00000000, 00000000, 0, 0, 00000000, 00000000, 0, 0,               867753                 1067
61a379c3, 9e5c863c, e4df16c9, 1b20e936, 0, 1, 4682908c, b97d6f73, 1, 0,               869103                 1350
00000000, 00000000, 00000000, 00000000, 0, 0, 00000000, 00000000, 0, 0,               870168                 1065
f383b0e7, 0c7c4f18, a3643246, 5c9bcdb9, 0, 1, 96e7e32d, 69181cd2, 1, 0,               871385                 1217
00000000, 00000000, 00000000, 00000000, 0, 0, 00000000, 00000000, 0, 0,               872448                 1063
60191fc0, 9fe6e03f, 1b855f37, e47aa0c8, 0, 1, 7b9e7ef7, 84618108, 0, 1,               873669                 1221
00000000, 00000000, 00000000, 00000000, 0, 0, 00000000, 00000000, 0, 0,               874741                 1072
56af7bad, a9508452, 39d65773, c629a88c, 0, 1, 9085d320, 6f7a2cdf, 0, 1,               876003                 1262
00000000, 00000000, 00000000, 00000000, 0, 0, 00000000, 00000000, 0, 0,               877079                 1076
cc101498, 33efeb67, 6e6d23dc, 9192dc23, 0, 1, 3a7d3874, c582c78b, 1, 0,               878443                 1364
00000000, 00000000, 00000000, 00000000, 0, 0, 00000000, 00000000, 0, 0,               879515                 1072
4dc6839b, b2397c64, 6845f5d0, 97ba0a2f, 0, 1, b60c796b, 49f38694, 0, 1,               880643                 1128
00000000, 00000000, 00000000, 00000000, 0, 0, 00000000, 00000000, 0, 0,               881697                 1054
de1f56bc, 21e0a943, 21820f43, de7df0bc, 0, 1, ffa165ff, 005e9a00, 0, 1,               883456                 1759
00000000, 00000000, 00000000, 00000000, 0, 0, 00000000, 00000000, 0, 0,               884508                 1052
cbbe7e97, 34418168, d0b99aa1, 2f46655e, 1, 0, 9c781939, 6387e6c6, 1, 0,               885986                 1478
00000000, 00000000, 00000000, 00000000, 0, 0, 00000000, 00000000, 0, 0,               887053                 1067
508985a1, af767a5e, 4c588f98, b3a77067, 1, 0, 9ce2153a, 631deac5, 0, 1,               888182                 1129
00000000, 00000000, 00000000, 00000000, 0, 0, 00000000, 00000000, 0, 0,               889244                 1062
fdc1d8fb, 023e2704, c3be9287, 3c416d78, 0, 1, c1806b82, 3e7f947d, 1, 0,               890818                 1574
00000000, 00000000, 00000000, 00000000, 0, 0, 00000000, 00000000, 0, 0,               891889                 1071
e357d0c6, 1ca82f39, 1699d12d, e9662ed2, 0, 1, f9f1a1f3, 060e5e0c, 0, 1,               893122                 1233
00000000, 00000000, 00000000, 00000000, 0, 0, 00000000, 00000000, 0, 0,               894180                 1058
52151da4, adeae25b, b5b4e86b, 4a4b1794, 1, 0, 07ca0610, f835f9ef, 1, 0,               895536                 1356
00000000, 00000000, 00000000, 00000000, 0, 0, 00000000, 00000000, 0, 0,               896615                 1079
e7e7d4cf, 18182b30, 892fc012, 76d03fed, 0, 1, 711794e1, 8ee86b1e, 1, 0,               897742                 1127
00000000, 00000000, 00000000, 00000000, 0, 0, 00000000, 00000000, 0, 0,               898803                 1061
4d134f9a, b2ecb065, 06db6b0d, f92494f2, 1, 0, 53eebaa8, ac114557, 0, 1,               900042                 1239
00000000, 00000000, 00000000, 00000000, 0, 0, 00000000, 00000000, 0, 0,               901107                 1065
ffe476ff, 001b8900, 20310740, dfcef8bf, 0, 1, 20157e3f, dfea81c0, 1, 0,               902678                 1571
00000000, 00000000, 00000000, 00000000, 0, 0, 00000000, 00000000, 0, 0,               903741                 1063
f9d950f3, 0626af0c, 2a1ba354, d5e45cab, 0, 1, 23f4f447, dc0b0bb8, 1, 0,               904966                 1225
00000000, 00000000, 00000000, 00000000, 0, 0, 00000000, 00000000, 0, 0,               906025                 1059
6a61cfd4, 959e302b, 098d1513, f672eaec, 1, 0, 73eee4e8, 8c111b17, 0, 1,               907360                 1335
00000000, 00000000, 00000000, 00000000, 0, 0, 00000000, 00000000, 0, 0,               908416                 1056
f3f83ee7, 0c07c118, f695deed, 096a2112, 0, 1, ea8e1dd4, 1571e22b, 1, 0,               909655                 1239
00000000, 00000000, 00000000, 00000000, 0, 0, 00000000, 00000000, 0, 0,               910731                 1076
3693f76d, c96c0892, bc781078, 4387ef87, 1, 0, f30c07e6, 0cf3f819, 0, 1,               912075                 1344
00000000, 00000000, 00000000, 00000000, 0, 0, 00000000, 00000000, 0, 0,               913142                 1067
2d46d55a, d2b92aa5, afed265f, 5012d9a0, 1, 0, dd33fbba, 22cc0445, 0, 1,               914577                 1435
00000000, 00000000, 00000000, 00000000, 0, 0, 00000000, 00000000, 0, 0,               915632                 1055
ae58fe5c, 51a701a3, 5596ebab, aa691454, 0, 1, 03efea07, fc1015f8, 1, 0,               916993                 1361
00000000, 00000000, 00000000, 00000000, 0, 0, 00000000, 00000000, 0, 0,               918067                 1074
1ea9c93d, e15636c2, 11534d22, eeacb2dd, 1, 0, 2ffd1660, d002e99f, 0, 1,               919850                 1783
00000000, 00000000, 00000000, 00000000, 0, 0, 00000000, 00000000, 0, 0,               920914                 1064
f38dbae7, 0c724518, e3eb4cc7, 1c14b338, 0, 1, d77907ae, 2886f851, 1, 0,               922146                 1232
00000000, 00000000, 00000000, 00000000, 0, 0, 00000000, 00000000, 0, 0,               923224                 1078
f46b28e8, 0b94d717, 6754d7ce, 98ab2831, 1, 0, 5bc000b7, a43fff48, 1, 0,               925601                 2377
00000000, 00000000, 00000000, 00000000, 0, 0, 00000000, 00000000, 0, 0,               926676                 1075
51e5b1a3, ae1a4e5c, 927fa424, 6d805bdb, 1, 0, e46555c8, 1b9aaa37, 0, 1,               927793                 1117
00000000, 00000000, 00000000, 00000000, 0, 0, 00000000, 00000000, 0, 0,               928852                 1059
ee78c4dc, 11873b23, 84651408, 7b9aebf7, 1, 0, 72ddd8e5, 8d22271a, 1, 0,               929960                 1108
00000000, 00000000, 00000000, 00000000, 0, 0, 00000000, 00000000, 0, 0,               931012                 1052
dbbdf0b7, 24420f48, 5ad31db5, a52ce24a, 0, 1, 36910e6c, c96ef193, 1, 0,               932146                 1134
00000000, 00000000, 00000000, 00000000, 0, 0, 00000000, 00000000, 0, 0,               933215                 1069
8aa18615, 755e79ea, 1c2a1338, e3d5ecc7, 0, 1, a6cb994d, 593466b2, 0, 1,               934323                 1108
00000000, 00000000, 00000000, 00000000, 0, 0, 00000000, 00000000, 0, 0,               935382                 1059
bb22f276, 44dd0d89, ac05a058, 53fa5fa7, 0, 1, 672892ce, 98d76d31, 1, 0,               936522                 1140
00000000, 00000000, 00000000, 00000000, 0, 0, 00000000, 00000000, 0, 0,               937574                 1052
92a9d025, 6d562fda, d1889aa3, 2e77655c, 0, 1, 64326ac8, 9bcd9537, 1, 0,               938588                 1014
00000000, 00000000, 00000000, 00000000, 0, 0, 00000000, 00000000, 0, 0,               939648                 1060
e10182c2, 1efe7d3d, 32c3df65, cd3c209a, 0, 1, 13c56227, ec3a9dd8, 1, 0,               940890                 1242
00000000, 00000000, 00000000, 00000000, 0, 0, 00000000, 00000000, 0, 0,               941961                 1071
c1cee883, 3e31177c, 03703906, fc8fc6f9, 0, 1, c53f2189, 3ac0de76, 0, 1,               943286                 1325
00000000, 00000000, 00000000, 00000000, 0, 0, 00000000, 00000000, 0, 0,               944343                 1057
9b3a8e36, 64c571c9, adf3405b, 520cbfa4, 0, 1, 492dce91, b6d2316e, 1, 0,               945459                 1116
00000000, 00000000, 00000000, 00000000, 0, 0, 00000000, 00000000, 0, 0,               946519                 1060
d51148aa, 2aeeb755, 24673948, db98c6b7, 1, 0, f97881f3, 06877e0c, 0, 1,               947751                 1232
00000000, 00000000, 00000000, 00000000, 0, 0, 00000000, 00000000, 0, 0,               948802                 1051
c7121c8e, 38ede371, 7c1df3f8, 83e20c07, 1, 0, 43301087, bccfef78, 1, 0,               950369                 1567
00000000, 00000000, 00000000, 00000000, 0, 0, 00000000, 00000000, 0, 0,               951436                 1067
6f5e0dde, 90a1f221, 28d6a951, d72956ae, 1, 0, 9834b730, 67cb48cf, 0, 1,               952684                 1248
00000000, 00000000, 00000000, 00000000, 0, 0, 00000000, 00000000, 0, 0,               953753                 1069
00311300, ffceecff, 4d9ee39b, b2611c64, 1, 0, 4dcff69c, b2300963, 0, 1,               955473                 1720
00000000, 00000000, 00000000, 00000000, 0, 0, 00000000, 00000000, 0, 0,               956549                 1076
b66f486c, 4990b793, 581653b0, a7e9ac4f, 1, 0, 0e859c1d, f17a63e2, 1, 0,               957799                 1250
00000000, 00000000, 00000000, 00000000, 0, 0, 00000000, 00000000, 0, 0,               958857                 1058
05322b0a, facdd4f5, 278dbb4f, d87244b0, 0, 1, 2cbfe659, d34019a6, 0, 1,               960434                 1577
00000000, 00000000, 00000000, 00000000, 0, 0, 00000000, 00000000, 0, 0,               961505                 1071
defb6ebd, 21049142, 8c38c418, 73c73be7, 1, 0, 6b3432d6, 94cbcd29, 1, 0,               962619                 1114
00000000, 00000000, 00000000, 00000000, 0, 0, 00000000, 00000000, 0, 0,               963674                 1055
c171c882, 3e8e377d, a36ae846, 5c9517b9, 1, 0, 64dcb0c9, 9b234f36, 1, 0,               964700                 1026
00000000, 00000000, 00000000, 00000000, 0, 0, 00000000, 00000000, 0, 0,               965752                 1052
768baded, 89745212, ac974859, 5368b7a6, 1, 0, 2322f647, dcdd09b8, 1, 0,               966871                 1119
00000000, 00000000, 00000000, 00000000, 0, 0, 00000000, 00000000, 0, 0,               967929                 1058
b098da61, 4f67259e, 178b972f, e87468d0, 1, 0, c8247191, 37db8e6e, 0, 1,               969044                 1115
00000000, 00000000, 00000000, 00000000, 0, 0, 00000000, 00000000, 0, 0,               970105                 1061
07114b0e, f8eeb4f1, ef1deade, 10e21521, 1, 0, f62f35ed, 09d0ca12, 0, 1,               971230                 1125
00000000, 00000000, 00000000, 00000000, 0, 0, 00000000, 00000000, 0, 0,               972300                 1070
d31abea6, 2ce54159, 1445b128, ebba4ed7, 1, 0, e7606fcf, 189f9030, 0, 1,               973650                 1350
00000000, 00000000, 00000000, 00000000, 0, 0, 00000000, 00000000, 0, 0,               974699                 1049
24121148, dbedeeb7, 2c577958, d3a886a7, 1, 0, 50698aa1, af96755e, 0, 1,               975711                 1012
00000000, 00000000, 00000000, 00000000, 0, 0, 00000000, 00000000, 0, 0,               976765                 1054
db9e18b7, 2461e748, 61dbe5c3, 9e241a3c, 0, 1, 3d79fe7a, c2860185, 1, 0,               978368                 1603
00000000, 00000000, 00000000, 00000000, 0, 0, 00000000, 00000000, 0, 0,               979436                 1068
fb039cf6, 04fc6309, 52397da4, adc6825b, 0, 1, 4d3d1a9a, b2c2e565, 1, 0,               980570                 1134
00000000, 00000000, 00000000, 00000000, 0, 0, 00000000, 00000000, 0, 0,               981629                 1059
cc08bc98, 33f74367, 6b299dd6, 94d66229, 1, 0, 37325a6f, c8cda590, 1, 0,               982750                 1121
00000000, 00000000, 00000000, 00000000, 0, 0, 00000000, 00000000, 0, 0,               983807                 1057
902dce20, 6fd231df, c1b04483, 3e4fbb7c, 0, 1, 51de12a3, ae21ed5c, 1, 0,               984896                 1089
00000000, 00000000, 00000000, 00000000, 0, 0, 00000000, 00000000, 0, 0,               985963                 1067
95a68c2b, 6a5973d4, c10f0482, 3ef0fb7d, 1, 0, 56b590ae, a94a6f51, 1, 0,               986951                  988
00000000, 00000000, 00000000, 00000000, 0, 0, 00000000, 00000000, 0, 0,               988013                 1062
d72c20ae, 28d3df51, 22eadb45, dd1524ba, 1, 0, fa16fbf4, 05e9040b, 0, 1,               989380                 1367
00000000, 00000000, 00000000, 00000000, 0, 0, 00000000, 00000000, 0, 0,               990446                 1066
aaa35255, 555cadaa, 229d0b45, dd62f4ba, 1, 0, cd405d9b, 32bfa264, 0, 1,               991783                 1337
00000000, 00000000, 00000000, 00000000, 0, 0, 00000000, 00000000, 0, 0,               992837                 1054
41e60783, be19f87c, fc670af8, 0398f507, 0, 1, 3e4d127b, c1b2ed84, 1, 0,               994106                 1269
00000000, 00000000, 00000000, 00000000, 0, 0, 00000000, 00000000, 0, 0,               995169                 1063
77cfa7ef, 88305810, 3601596c, c9fea693, 0, 1, add1015b, 522efea4, 0, 1,               996754                 1585
00000000, 00000000, 00000000, 00000000, 0, 0, 00000000, 00000000, 0, 0,               997822                 1068
22965145, dd69aeba, 18bd6331, e7429cce, 0, 1, 3b53b476, c4ac4b89, 0, 1,               998953                 1131
