00000000, ffffffff, 00000000, ffffffff, 0, 1, 00000000, ffffffff, 0, 1,                 3768                 1768
00000000, 00000000, 00000000, 00000000, 0, 0, 00000000, 00000000, 0, 0,                 5931                 2163
ffffffff, 00000000, ffffffff, 00000000, 1, 0, ffffffff, 00000000, 1, 0,                 7700                 1769
00000000, 00000000, 00000000, 00000000, 0, 0, 00000000, 00000000, 0, 0,                 9918                 2218
fffffffe, 00000001, fffffffe, 00000001, 1, 0, fffffffd, 00000002, 1, 0,                11677                 1759
00000000, 00000000, 00000000, 00000000, 0, 0, 00000000, 00000000, 0, 0,                13877                 2200
aaaaaaaa, 55555555, 55555555, aaaaaaaa, 1, 0, 00000000, ffffffff, 1, 0,                22286                 8409
00000000, 00000000, 00000000, 00000000, 0, 0, 00000000, 00000000, 0, 0,                24482                 2196
55555555, aaaaaaaa, 55555555, aaaaaaaa, 0, 1, aaaaaaaa, 55555555, 0, 1,                26194                 1712
00000000, 00000000, 00000000, 00000000, 0, 0, 00000000, 00000000, 0, 0,                28290                 2096
aaaaaaaa, 55555555, aaaaaaaa, 55555555, 1, 0, 55555555, aaaaaaaa, 1, 0,                30007                 1717
00000000, 00000000, 00000000, 00000000, 0, 0, 00000000, 00000000, 0, 0,                32107                 2100
fffffffe, 00000001, fffffffe, 00000001, 1, 0, fffffffd, 00000002, 1, 0,                33864                 1757
00000000, 00000000, 00000000, 00000000, 0, 0, 00000000, 00000000, 0, 0,                36064                 2200
ffffffff, 00000000, ffffffff, 00000000, 0, 1, fffffffe, 00000001, 1, 0,                37834                 1770
00000000, 00000000, 00000000, 00000000, 0, 0, 00000000, 00000000, 0, 0,                40049                 2215
55555555, aaaaaaaa, 55555555, aaaaaaaa, 1, 0, aaaaaaab, 55555554, 0, 1,                41747                 1698
00000000, 00000000, 00000000, 00000000, 0, 0, 00000000, 00000000, 0, 0,                43840                 2093
aaaaaaaa, 55555555, aaaaaaaa, 55555555, 0, 1, 55555554, aaaaaaab, 1, 0,                45558                 1718
00000000, 00000000, 00000000, 00000000, 0, 0, 00000000, 00000000, 0, 0,                47658                 2100
55555555, aaaaaaaa, aaaaaaaa, 55555555, 1, 0, 00000000, ffffffff, 1, 0,                56088                 8430
00000000, 00000000, 00000000, 00000000, 0, 0, 00000000, 00000000, 0, 0,                58284                 2196
80054600, 7ffab9ff, 12153524, edeacadb, 1, 0, 921a7b25, 6de584da, 0, 1,                60509                 2225
00000000, 00000000, 00000000, 00000000, 0, 0, 00000000, 00000000, 0, 0,                62652                 2143
0dbb5f1b, f244a0e4, 8484d609, 7b7b29f6, 1, 0, 92403525, 6dbfcada, 0, 1,                65769                 3117
00000000, 00000000, 00000000, 00000000, 0, 0, 00000000, 00000000, 0, 0,                67920                 2151
df5808be, 20a7f741, 06b97b0d, f94684f2, 1, 0, e61183cc, 19ee7c33, 0, 1,                70383                 2463
00000000, 00000000, 00000000, 00000000, 0, 0, 00000000, 00000000, 0, 0,                72508                 2125
58fa57b1, a705a84e, b2c28465, 4d3d7b9a, 0, 1, 0bbcdc16, f44323e9, 1, 0,                74984                 2476
00000000, 00000000, 00000000, 00000000, 0, 0, 00000000, 00000000, 0, 0,                77103                 2119
4b62f396, b49d0c69, 00f3e301, ff0c1cfe, 1, 0, 4c56d698, b3a92967, 0, 1,                79319                 2216
00000000, 00000000, 00000000, 00000000, 0, 0, 00000000, 00000000, 0, 0,                81452                 2133
5672d3ac, a98d2c53, 3b23f176, c4dc0e89, 1, 0, 9196c523, 6e693adc, 0, 1,                83532                 2080
00000000, 00000000, 00000000, 00000000, 0, 0, 00000000, 00000000, 0, 0,                85688                 2156
e02d82c0, 1fd27d3f, 76d457ed, 892ba812, 0, 1, 5701daad, a8fe2552, 1, 0,                88338                 2650
00000000, 00000000, 00000000, 00000000, 0, 0, 00000000, 00000000, 0, 0,                90478                 2140
54e83ba9, ab17c456, 7cfde9f9, 83021606, 0, 1, d1e625a2, 2e19da5d, 0, 1,                92704                 2226
00000000, 00000000, 00000000, 00000000, 0, 0, 00000000, 00000000, 0, 0,                94866                 2162
01d77d03, fe2882fc, e2f784c5, 1d087b3a, 0, 1, e4cf01c8, 1b30fe37, 0, 1,                97543                 2677
00000000, 00000000, 00000000, 00000000, 0, 0, 00000000, 00000000, 0, 0,                99699                 2156
e66ececc, 19913133, 72aff7e5, 8d50081a, 1, 0, 591ec6b2, a6e1394d, 1, 0,               101925                 2226
00000000, 00000000, 00000000, 00000000, 0, 0, 00000000, 00000000, 0, 0,               104079                 2154
f36cd6e6, 0c932919, 8932d612, 76cd29ed, 1, 0, 7c9facf9, 83605306, 1, 0,               106526                 2447
00000000, 00000000, 00000000, 00000000, 0, 0, 00000000, 00000000, 0, 0,               108629                 2103
4a760b94, b589f46b, 793069f2, 86cf960d, 0, 1, c3a67586, 3c598a79, 0, 1,               110696                 2067
00000000, 00000000, 00000000, 00000000, 0, 0, 00000000, 00000000, 0, 0,               112838                 2142
a8149050, 57eb6faf, f4007ae8, 0bff8517, 1, 0, 9c150b39, 63eaf4c6, 1, 0,               115102                 2264
00000000, 00000000, 00000000, 00000000, 0, 0, 00000000, 00000000, 0, 0,               117256                 2154
31b20b63, ce4df49c, 2e58495c, d1a7b6a3, 1, 0, 600a54c0, 9ff5ab3f, 0, 1,               120587                 3331
00000000, 00000000, 00000000, 00000000, 0, 0, 00000000, 00000000, 0, 0,               122732                 2145
ded292bd, 212d6d42, 96ab582d, 6954a7d2, 1, 0, 757deaeb, 8a821514, 1, 0,               125127                 2395
00000000, 00000000, 00000000, 00000000, 0, 0, 00000000, 00000000, 0, 0,               127260                 2133
b0bbe261, 4f441d9e, b1ef6263, 4e109d9c, 0, 1, 62ab44c4, 9d54bb3b, 1, 0,               129115                 1855
00000000, 00000000, 00000000, 00000000, 0, 0, 00000000, 00000000, 0, 0,               131254                 2139
f1d496e3, 0e2b691c, c03b2280, 3fc4dd7f, 0, 1, b20fb963, 4df0469c, 1, 0,               133904                 2650
00000000, 00000000, 00000000, 00000000, 0, 0, 00000000, 00000000, 0, 0,               136028                 2124
08010510, f7fefaef, 557845aa, aa87ba55, 1, 0, 5d794abb, a286b544, 0, 1,               138503                 2475
00000000, 00000000, 00000000, 00000000, 0, 0, 00000000, 00000000, 0, 0,               140665                 2162
790201f2, 86fdfe0d, cb203e96, 34dfc169, 1, 0, 44224089, bbddbf76, 1, 0,               143566                 2901
00000000, 00000000, 00000000, 00000000, 0, 0, 00000000, 00000000, 0, 0,               145705                 2139
ff599efe, 00a66101, 86bc380d, 7943c7f2, 1, 0, 8615d70c, 79ea28f3, 1, 0,               148203                 2498
00000000, 00000000, 00000000, 00000000, 0, 0, 00000000, 00000000, 0, 0,               150346                 2143
a446be48, 5bb941b7, 359fdd6b, ca602294, 1, 0, d9e69bb4, 2619644b, 0, 1,               152551                 2205
00000000, 00000000, 00000000, 00000000, 0, 0, 00000000, 00000000, 0, 0,               154692                 2141
e15df8c2, 1ea2073d, 81174a02, 7ee8b5fd, 0, 1, 627542c4, 9d8abd3b, 1, 0,               156719                 2027
00000000, 00000000, 00000000, 00000000, 0, 0, 00000000, 00000000, 0, 0,               158847                 2128
34d12d69, cb2ed296, 0effe91d, f10016e2, 1, 0, 43d11687, bc2ee978, 0, 1,               161115                 2268
00000000, 00000000, 00000000, 00000000, 0, 0, 00000000, 00000000, 0, 0,               163254                 2139
1652d92c, e9ad26d3, 11844923, ee7bb6dc, 0, 1, 27d7224f, d828ddb0, 0, 1,               165884                 2630
00000000, 00000000, 00000000, 00000000, 0, 0, 00000000, 00000000, 0, 0,               168012                 2128
ed3af2da, 12c50d25, e5730aca, 1a8cf535, 0, 1, d2adfda4, 2d52025b, 1, 0,               170863                 2851
00000000, 00000000, 00000000, 00000000, 0, 0, 00000000, 00000000, 0, 0,               172988                 2125
e844e2d0, 17bb1d2f, 7968bdf2, 8697420d, 0, 1, 61ada0c2, 9e525f3d, 1, 0,               175683                 2695
00000000, 00000000, 00000000, 00000000, 0, 0, 00000000, 00000000, 0, 0,               177853                 2170
5f54e5be, a0ab1a41, 20c4b341, df3b4cbe, 0, 1, 801998ff, 7fe66700, 0, 1,               181184                 3331
00000000, 00000000, 00000000, 00000000, 0, 0, 00000000, 00000000, 0, 0,               183312                 2128
89aaf013, 76550fec, 3c20f378, c3df0c87, 1, 0, c5cbe38c, 3a341c73, 0, 1,               185356                 2044
00000000, 00000000, 00000000, 00000000, 0, 0, 00000000, 00000000, 0, 0,               187496                 2140
db0de0b6, 24f21f49, 75c50deb, 8a3af214, 0, 1, 50d2eea1, af2d115e, 1, 0,               189766                 2270
00000000, 00000000, 00000000, 00000000, 0, 0, 00000000, 00000000, 0, 0,               191915                 2149
fda77efb, 02588104, 634bf9c6, 9cb40639, 0, 1, 60f378c1, 9f0c873e, 1, 0,               194384                 2469
00000000, 00000000, 00000000, 00000000, 0, 0, 00000000, 00000000, 0, 0,               196546                 2162
1cacb339, e3534cc6, de7502bc, 218afd43, 0, 1, fb21b5f5, 04de4a0a, 0, 1,               198607                 2061
00000000, 00000000, 00000000, 00000000, 0, 0, 00000000, 00000000, 0, 0,               200734                 2127
6cc0ffd9, 933f0026, 85d79a0b, 7a2865f4, 1, 0, f29899e5, 0d67661a, 0, 1,               202977                 2243
00000000, 00000000, 00000000, 00000000, 0, 0, 00000000, 00000000, 0, 0,               205108                 2131
e154f2c2, 1eab0d3d, 42f24185, bd0dbe7a, 1, 0, 24473448, dbb8cbb7, 1, 0,               207303                 2195
00000000, 00000000, 00000000, 00000000, 0, 0, 00000000, 00000000, 0, 0,               209429                 2126
b2a94665, 4d56b99a, 9dcc603b, 62339fc4, 0, 1, 5075a6a0, af8a595f, 1, 0,               211897                 2468
00000000, 00000000, 00000000, 00000000, 0, 0, 00000000, 00000000, 0, 0,               214017                 2120
ef8ee4df, 10711b20, bf23327e, 40dccd81, 1, 0, aeb2175e, 514de8a1, 1, 0,               216244                 2227
00000000, 00000000, 00000000, 00000000, 0, 0, 00000000, 00000000, 0, 0,               218417                 2173
f96be2f2, 06941d0d, 78d99bf1, 8726640e, 1, 0, 72457ee4, 8dba811b, 1, 0,               220845                 2428
00000000, 00000000, 00000000, 00000000, 0, 0, 00000000, 00000000, 0, 0,               222994                 2149
164a572c, e9b5a8d3, 31230762, cedcf89d, 0, 1, 476d5e8e, b892a171, 0, 1,               225178                 2184
00000000, 00000000, 00000000, 00000000, 0, 0, 00000000, 00000000, 0, 0,               227298                 2120
f41b7ae8, 0be48517, 4fa1559f, b05eaa60, 1, 0, 43bcd088, bc432f77, 1, 0,               229743                 2445
00000000, 00000000, 00000000, 00000000, 0, 0, 00000000, 00000000, 0, 0,               231894                 2151
579485af, a86b7a50, 7c6da9f8, 83925607, 1, 0, d4022fa8, 2bfdd057, 0, 1,               235029                 3135
00000000, 00000000, 00000000, 00000000, 0, 0, 00000000, 00000000, 0, 0,               237179                 2150
2ed6355d, d129caa2, cfc4569f, 303ba960, 0, 1, fe9a8bfc, 01657403, 0, 1,               239586                 2407
00000000, 00000000, 00000000, 00000000, 0, 0, 00000000, 00000000, 0, 0,               241708                 2122
94f8f429, 6b070bd6, adcbc05b, 52343fa4, 1, 0, 42c4b485, bd3b4b7a, 1, 0,               243956                 2248
00000000, 00000000, 00000000, 00000000, 0, 0, 00000000, 00000000, 0, 0,               246080                 2124
e3b912c7, 1c46ed38, a4ae3249, 5b51cdb6, 0, 1, 88674510, 7798baef, 1, 0,               248334                 2254
00000000, 00000000, 00000000, 00000000, 0, 0, 00000000, 00000000, 0, 0,               250465                 2131
d2455ea4, 2dbaa15b, ebfec0d7, 14013f28, 1, 0, be441f7c, 41bbe083, 1, 0,               252847                 2382
00000000, 00000000, 00000000, 00000000, 0, 0, 00000000, 00000000, 0, 0,               254988                 2141
441a5388, bbe5ac77, 4b212f96, b4ded069, 0, 1, 8f3b831e, 70c47ce1, 0, 1,               257714                 2726
00000000, 00000000, 00000000, 00000000, 0, 0, 00000000, 00000000, 0, 0,               259856                 2142
30287f60, cfd7809f, e12ccec2, 1ed3313d, 0, 1, 11554e22, eeaab1dd, 1, 0,               261886                 2030
00000000, 00000000, 00000000, 00000000, 0, 0, 00000000, 00000000, 0, 0,               264047                 2161
1b22cd36, e4dd32c9, bb825a77, 447da588, 1, 0, d6a527ae, 295ad851, 0, 1,               266228                 2181
00000000, 00000000, 00000000, 00000000, 0, 0, 00000000, 00000000, 0, 0,               268370                 2142
4ae40195, b51bfe6a, 090cdb12, f6f324ed, 0, 1, 53f0dca7, ac0f2358, 0, 1,               270970                 2600
00000000, 00000000, 00000000, 00000000, 0, 0, 00000000, 00000000, 0, 0,               273120                 2150
8a9e5815, 7561a7ea, 36e5816d, c91a7e92, 1, 0, c183d983, 3e7c267c, 0, 1,               275625                 2505
00000000, 00000000, 00000000, 00000000, 0, 0, 00000000, 00000000, 0, 0,               277750                 2125
62095bc4, 9df6a43b, 0fd28f1f, f02d70e0, 1, 0, 71dbeae4, 8e24151b, 0, 1,               280161                 2411
00000000, 00000000, 00000000, 00000000, 0, 0, 00000000, 00000000, 0, 0,               282308                 2147
549b25a9, ab64da56, 42d92f85, bd26d07a, 0, 1, 9774552e, 688baad1, 0, 1,               284281                 1973
00000000, 00000000, 00000000, 00000000, 0, 0, 00000000, 00000000, 0, 0,               286413                 2132
c4f9b489, 3b064b76, 2dda595b, d225a6a4, 1, 0, f2d40de5, 0d2bf21a, 0, 1,               289077                 2664
00000000, 00000000, 00000000, 00000000, 0, 0, 00000000, 00000000, 0, 0,               291223                 2146
1c302338, e3cfdcc7, 9ff2ae3f, 600d51c0, 0, 1, bc22d177, 43dd2e88, 0, 1,               293674                 2451
00000000, 00000000, 00000000, 00000000, 0, 0, 00000000, 00000000, 0, 0,               295812                 2138
24a0b949, db5f46b6, 2c156358, d3ea9ca7, 0, 1, 50b61ca1, af49e35e, 0, 1,               298038                 2226
00000000, 00000000, 00000000, 00000000, 0, 0, 00000000, 00000000, 0, 0,               300171                 2133
3582576b, ca7da894, c71a0c8e, 38e5f371, 0, 1, fc9c63f9, 03639c06, 0, 1,               302781                 2610
00000000, 00000000, 00000000, 00000000, 0, 0, 00000000, 00000000, 0, 0,               304897                 2116
cda2869b, 325d7964, 7d3599fa, 82ca6605, 0, 1, 4ad82095, b527df6a, 1, 0,               307598                 2701
00000000, 00000000, 00000000, 00000000, 0, 0, 00000000, 00000000, 0, 0,               309740                 2142
70e14be1, 8f1eb41e, 39961773, c669e88c, 1, 0, aa776355, 55889caa, 0, 1,               312006                 2266
00000000, 00000000, 00000000, 00000000, 0, 0, 00000000, 00000000, 0, 0,               314155                 2149
1ef4853d, e10b7ac2, 9799a82f, 686657d0, 1, 0, b68e2d6d, 4971d292, 0, 1,               316180                 2025
00000000, 00000000, 00000000, 00000000, 0, 0, 00000000, 00000000, 0, 0,               318315                 2135
b6925e6d, 496da192, afd8565f, 5027a9a0, 0, 1, 666ab4cc, 99954b33, 1, 0,               320334                 2019
00000000, 00000000, 00000000, 00000000, 0, 0, 00000000, 00000000, 0, 0,               322465                 2131
ff9944ff, 0066bb00, 7bf8fdf7, 84070208, 1, 0, 7b9242f7, 846dbd08, 1, 0,               324676                 2211
00000000, 00000000, 00000000, 00000000, 0, 0, 00000000, 00000000, 0, 0,               326855                 2179
b8a33071, 475ccf8e, f3091ae6, 0cf6e519, 0, 1, abac4b57, 5453b4a8, 1, 0,               329056                 2201
00000000, 00000000, 00000000, 00000000, 0, 0, 00000000, 00000000, 0, 0,               331194                 2138
52f767a5, ad08985a, 14cfc129, eb303ed6, 1, 0, 67c728cf, 9838d730, 0, 1,               333440                 2246
00000000, 00000000, 00000000, 00000000, 0, 0, 00000000, 00000000, 0, 0,               335573                 2133
65daf9cb, 9a250634, ed536cda, 12ac9325, 1, 0, 532e66a6, acd19959, 1, 0,               337574                 2001
00000000, 00000000, 00000000, 00000000, 0, 0, 00000000, 00000000, 0, 0,               339713                 2139
a603784c, 59fc87b3, da8ae2b5, 25751d4a, 1, 0, 808e5b02, 7f71a4fd, 1, 0,               342401                 2688
00000000, 00000000, 00000000, 00000000, 0, 0, 00000000, 00000000, 0, 0,               344552                 2151
94a2ec29, 6b5d13d6, 3cf11979, c30ee686, 0, 1, d19405a2, 2e6bfa5d, 0, 1,               347450                 2898
00000000, 00000000, 00000000, 00000000, 0, 0, 00000000, 00000000, 0, 0,               349600                 2150
3834cf70, c7cb308f, e8740cd0, 178bf32f, 0, 1, 20a8dc40, df5723bf, 1, 0,               351831                 2231
00000000, 00000000, 00000000, 00000000, 0, 0, 00000000, 00000000, 0, 0,               353982                 2151
7e7da1fc, 81825e03, 55f6adab, aa095254, 0, 1, d4744fa7, 2b8bb058, 0, 1,               356206                 2224
00000000, 00000000, 00000000, 00000000, 0, 0, 00000000, 00000000, 0, 0,               358354                 2148
49fd6f93, b602906c, 6e5daddc, 91a25223, 0, 1, b85b1d6f, 47a4e290, 0, 1,               360822                 2468
00000000, 00000000, 00000000, 00000000, 0, 0, 00000000, 00000000, 0, 0,               362971                 2149
8c655e18, 739aa1e7, fedf72fd, 01208d02, 1, 0, 8b44d116, 74bb2ee9, 1, 0,               365226                 2255
00000000, 00000000, 00000000, 00000000, 0, 0, 00000000, 00000000, 0, 0,               367373                 2147
ef3ce8de, 10c31721, 2b0eed56, d4f112a9, 0, 1, 1a4bd634, e5b429cb, 1, 0,               369416                 2043
00000000, 00000000, 00000000, 00000000, 0, 0, 00000000, 00000000, 0, 0,               371558                 2142
92299024, 6dd66fdb, b3d97667, 4c268998, 0, 1, 4603068b, b9fcf974, 1, 0,               374228                 2670
00000000, 00000000, 00000000, 00000000, 0, 0, 00000000, 00000000, 0, 0,               376363                 2135
b6e6346d, 4919cb92, 5b6fb9b6, a4904649, 0, 1, 1255ee23, edaa11dc, 1, 0,               378603                 2240
00000000, 00000000, 00000000, 00000000, 0, 0, 00000000, 00000000, 0, 0,               380747                 2144
5aa31fb5, a55ce04a, 3cd18779, c32e7886, 0, 1, 9774a72e, 688b58d1, 0, 1,               382944                 2197
00000000, 00000000, 00000000, 00000000, 0, 0, 00000000, 00000000, 0, 0,               385076                 2132
f9d09ef3, 062f610c, 4a74bf94, b58b406b, 1, 0, 44455e88, bbbaa177, 1, 0,               387271                 2195
00000000, 00000000, 00000000, 00000000, 0, 0, 00000000, 00000000, 0, 0,               389415                 2144
4057c980, bfa8367f, 823f2c04, 7dc0d3fb, 1, 0, c296f585, 3d690a7a, 0, 1,               391570                 2155
00000000, 00000000, 00000000, 00000000, 0, 0, 00000000, 00000000, 0, 0,               393711                 2141
c16b9682, 3e94697d, 6dcb69db, 92349624, 1, 0, 2f37005e, d0c8ffa1, 1, 0,               397076                 3365
00000000, 00000000, 00000000, 00000000, 0, 0, 00000000, 00000000, 0, 0,               399235                 2159
ede48adb, 121b7524, 6cb0b7d9, 934f4826, 1, 0, 5a9542b5, a56abd4a, 1, 0,               401684                 2449
00000000, 00000000, 00000000, 00000000, 0, 0, 00000000, 00000000, 0, 0,               403824                 2140
a3cd9c47, 5c3263b8, bb45e276, 44ba1d89, 0, 1, 5f137ebd, a0ec8142, 1, 0,               406743                 2919
00000000, 00000000, 00000000, 00000000, 0, 0, 00000000, 00000000, 0, 0,               408879                 2136
3747016e, c8b8fe91, 5b172db6, a4e8d249, 1, 0, 925e2f25, 6da1d0da, 0, 1,               410972                 2093
00000000, 00000000, 00000000, 00000000, 0, 0, 00000000, 00000000, 0, 0,               413120                 2148
dd561cba, 22a9e345, a3071a46, 5cf8e5b9, 0, 1, 805d3700, 7fa2c8ff, 1, 0,               416026                 2906
00000000, 00000000, 00000000, 00000000, 0, 0, 00000000, 00000000, 0, 0,               418170                 2144
b8ddbe71, 4722418e, 7bd261f7, 842d9e08, 1, 0, 34b02069, cb4fdf96, 1, 0,               421121                 2951
00000000, 00000000, 00000000, 00000000, 0, 0, 00000000, 00000000, 0, 0,               423276                 2155
08da4f11, f725b0ee, da6ebab4, 2591454b, 0, 1, e34909c5, 1cb6f63a, 0, 1,               425714                 2438
00000000, 00000000, 00000000, 00000000, 0, 0, 00000000, 00000000, 0, 0,               427873                 2159
7ab7b7f5, 8548480a, 147cd928, eb8326d7, 1, 0, 8f34911e, 70cb6ee1, 0, 1,               430121                 2248
00000000, 00000000, 00000000, 00000000, 0, 0, 00000000, 00000000, 0, 0,               432253                 2132
4e15179c, b1eae863, e3c530c7, 1c3acf38, 0, 1, 31da4863, ce25b79c, 1, 0,               434526                 2273
00000000, 00000000, 00000000, 00000000, 0, 0, 00000000, 00000000, 0, 0,               436659                 2133
ae8a965d, 517569a2, 8477e408, 7b881bf7, 0, 1, 33027a65, ccfd859a, 1, 0,               439524                 2865
00000000, 00000000, 00000000, 00000000, 0, 0, 00000000, 00000000, 0, 0,               441659                 2135
62d1e3c5, 9d2e1c3a, fea7a6fd, 01585902, 1, 0, 61798ac3, 9e86753c, 1, 0,               443918                 2259
00000000, 00000000, 00000000, 00000000, 0, 0, 00000000, 00000000, 0, 0,               446057                 2139
ac682658, 5397d9a7, 8e37901c, 71c86fe3, 0, 1, 3a9fb674, c560498b, 1, 0,               448999                 2942
00000000, 00000000, 00000000, 00000000, 0, 0, 00000000, 00000000, 0, 0,               451150                 2151
7e0a91fc, 81f56e03, ed3408da, 12cbf725, 1, 0, 6b3e9ad7, 94c16528, 1, 0,               453786                 2636
00000000, 00000000, 00000000, 00000000, 0, 0, 00000000, 00000000, 0, 0,               455936                 2150
060aad0c, f9f552f3, 334ea766, ccb15899, 0, 1, 39595472, c6a6ab8d, 0, 1,               457958                 2022
00000000, 00000000, 00000000, 00000000, 0, 0, 00000000, 00000000, 0, 0,               460098                 2140
0cf04519, f30fbae6, b9f50473, 460afb8c, 0, 1, c6e5498c, 391ab673, 0, 1,               462118                 2020
00000000, 00000000, 00000000, 00000000, 0, 0, 00000000, 00000000, 0, 0,               464247                 2129
d2504ca4, 2dafb35b, 2f3ab35e, d0c54ca1, 0, 1, 018b0002, fe74fffd, 1, 0,               468727                 4480
00000000, 00000000, 00000000, 00000000, 0, 0, 00000000, 00000000, 0, 0,               470899                 2172
c8975291, 3768ad6e, 6a8e05d5, 9571fa2a, 0, 1, 33255866, ccdaa799, 1, 0,               473134                 2235
00000000, 00000000, 00000000, 00000000, 0, 0, 00000000, 00000000, 0, 0,               475260                 2126
a23d6044, 5dc29fbb, dcf000b9, 230fff46, 1, 0, 7f2d60fe, 80d29f01, 1, 0,               478168                 2908
00000000, 00000000, 00000000, 00000000, 0, 0, 00000000, 00000000, 0, 0,               480305                 2137
67be1dcf, 9841e230, 4b273796, b4d8c869, 0, 1, b2e55565, 4d1aaa9a, 0, 1,               482371                 2066
00000000, 00000000, 00000000, 00000000, 0, 0, 00000000, 00000000, 0, 0,               484503                 2132
d69de2ad, 29621d52, 13259f26, ecda60d9, 0, 1, e9c381d3, 163c7e2c, 0, 1,               487208                 2705
00000000, 00000000, 00000000, 00000000, 0, 0, 00000000, 00000000, 0, 0,               489350                 2142
c2e6ee85, 3d19117a, 3e99837d, c1667c82, 0, 1, 01807202, fe7f8dfd, 1, 0,               492471                 3121
00000000, 00000000, 00000000, 00000000, 0, 0, 00000000, 00000000, 0, 0,               494615                 2144
b91dca72, 46e2358d, 43615786, bc9ea879, 0, 1, fc7f21f8, 0380de07, 0, 1,               497290                 2675
00000000, 00000000, 00000000, 00000000, 0, 0, 00000000, 00000000, 0, 0,               499403                 2113
89bcdc13, 764323ec, 3f5a9b7e, c0a56481, 1, 0, c9177792, 36e8886d, 0, 1,               501641                 2238
00000000, 00000000, 00000000, 00000000, 0, 0, 00000000, 00000000, 0, 0,               503768                 2127
bd70687a, 428f9785, e7c3b6cf, 183c4930, 1, 0, a5341f4a, 5acbe0b5, 1, 0,               506246                 2478
00000000, 00000000, 00000000, 00000000, 0, 0, 00000000, 00000000, 0, 0,               508416                 2170
cf7baa9e, 30845561, fd28e4fa, 02d71b05, 1, 0, cca48f99, 335b7066, 1, 0,               510580                 2164
00000000, 00000000, 00000000, 00000000, 0, 0, 00000000, 00000000, 0, 0,               512713                 2133
16decb2d, e92134d2, 0b940917, f46bf6e8, 1, 0, 2272d445, dd8d2bba, 0, 1,               514963                 2250
00000000, 00000000, 00000000, 00000000, 0, 0, 00000000, 00000000, 0, 0,               517088                 2125
68d2abd1, 972d542e, 43779186, bc886e79, 0, 1, ac4a3d57, 53b5c2a8, 0, 1,               519314                 2226
00000000, 00000000, 00000000, 00000000, 0, 0, 00000000, 00000000, 0, 0,               521454                 2140
4c551998, b3aae667, 7a8c59f5, 8573a60a, 1, 0, c6e1738e, 391e8c71, 0, 1,               523529                 2075
00000000, 00000000, 00000000, 00000000, 0, 0, 00000000, 00000000, 0, 0,               525654                 2125
887a9610, 778569ef, 949a8a29, 6b6575d6, 1, 0, 1d15203a, e2eadfc5, 1, 0,               527944                 2290
00000000, 00000000, 00000000, 00000000, 0, 0, 00000000, 00000000, 0, 0,               530082                 2138
18c6f931, e73906ce, e2e574c5, 1d1a8b3a, 0, 1, fbac6df6, 04539209, 0, 1,               532742                 2660
00000000, 00000000, 00000000, 00000000, 0, 0, 00000000, 00000000, 0, 0,               534883                 2141
e87676d0, 1789892f, 25b27b4b, da4d84b4, 1, 0, 0e28f21c, f1d70de3, 1, 0,               537105                 2222
00000000, 00000000, 00000000, 00000000, 0, 0, 00000000, 00000000, 0, 0,               539253                 2148
9f82ec3f, 607d13c0, f622e6ec, 09dd1913, 0, 1, 95a5d32b, 6a5a2cd4, 1, 0,               541271                 2018
00000000, 00000000, 00000000, 00000000, 0, 0, 00000000, 00000000, 0, 0,               543396                 2125
4cb77d99, b3488266, 2758d14e, d8a72eb1, 0, 1, 74104ee7, 8befb118, 0, 1,               546090                 2694
00000000, 00000000, 00000000, 00000000, 0, 0, 00000000, 00000000, 0, 0,               548235                 2145
3bccb377, c4334c88, 549efda9, ab610256, 1, 0, 906bb121, 6f944ede, 0, 1,               550662                 2427
00000000, 00000000, 00000000, 00000000, 0, 0, 00000000, 00000000, 0, 0,               552843                 2181
f89beaf1, 0764150e, 070bb90e, f8f446f1, 0, 1, ffa7a3ff, 00585c00, 0, 1,               556412                 3569
00000000, 00000000, 00000000, 00000000, 0, 0, 00000000, 00000000, 0, 0,               558570                 2158
e8d6a2d1, 17295d2e, cfd6c09f, 30293f60, 0, 1, b8ad6370, 47529c8f, 1, 0,               560811                 2241
00000000, 00000000, 00000000, 00000000, 0, 0, 00000000, 00000000, 0, 0,               562938                 2127
fb80eaf7, 047f1508, 155a1d2a, eaa5e2d5, 1, 0, 10db0822, ef24f7dd, 1, 0,               565648                 2710
00000000, 00000000, 00000000, 00000000, 0, 0, 00000000, 00000000, 0, 0,               567816                 2168
daf214b5, 250deb4a, 4f75ff9e, b08a0061, 0, 1, 2a681453, d597ebac, 1, 0,               570720                 2904
00000000, 00000000, 00000000, 00000000, 0, 0, 00000000, 00000000, 0, 0,               572879                 2159
b15f7462, 4ea08b9d, bccfa879, 43305786, 0, 1, 6e2f1cdb, 91d0e324, 1, 0,               575078                 2199
00000000, 00000000, 00000000, 00000000, 0, 0, 00000000, 00000000, 0, 0,               577220                 2142
548eb7a9, ab714856, 652345ca, 9adcba35, 1, 0, b9b1fd74, 464e028b, 0, 1,               579851                 2631
00000000, 00000000, 00000000, 00000000, 0, 0, 00000000, 00000000, 0, 0,               581981                 2130
ab2c2a56, 54d3d5a9, 35a0c96b, ca5f3694, 1, 0, e0ccf3c2, 1f330c3d, 0, 1,               584458                 2477
00000000, 00000000, 00000000, 00000000, 0, 0, 00000000, 00000000, 0, 0,               586587                 2129
7960fbf2, 869f040d, 5b0bddb6, a4f42249, 0, 1, d46cd9a8, 2b932657, 0, 1,               588645                 2058
00000000, 00000000, 00000000, 00000000, 0, 0, 00000000, 00000000, 0, 0,               590799                 2154
17723f2e, e88dc0d1, 6216abc4, 9de9543b, 1, 0, 7988eaf3, 8677150c, 0, 1,               593009                 2210
00000000, 00000000, 00000000, 00000000, 0, 0, 00000000, 00000000, 0, 0,               595126                 2117
cfc7649f, 30389b60, 492fd392, b6d02c6d, 0, 1, 18f73831, e708c7ce, 1, 0,               597359                 2233
00000000, 00000000, 00000000, 00000000, 0, 0, 00000000, 00000000, 0, 0,               599504                 2145
e66148cc, 199eb733, 3fbb3b7f, c044c480, 0, 1, 261c844b, d9e37bb4, 1, 0,               601776                 2272
00000000, 00000000, 00000000, 00000000, 0, 0, 00000000, 00000000, 0, 0,               603911                 2135
b446fe68, 4bb90197, 7d6df5fa, 82920a05, 0, 1, 31b4f462, ce4b0b9d, 1, 0,               606141                 2230
00000000, 00000000, 00000000, 00000000, 0, 0, 00000000, 00000000, 0, 0,               608323                 2182
f54634ea, 0ab9cb15, 19452132, e6badecd, 1, 0, 0e8b561d, f174a9e2, 1, 0,               610578                 2255
00000000, 00000000, 00000000, 00000000, 0, 0, 00000000, 00000000, 0, 0,               612698                 2120
2cb6a959, d34956a6, 424fcd84, bdb0327b, 0, 1, 6f0676dd, 90f98922, 0, 1,               615360                 2662
00000000, 00000000, 00000000, 00000000, 0, 0, 00000000, 00000000, 0, 0,               617487                 2127
bc271278, 43d8ed87, 6543cfca, 9abc3035, 1, 0, 216ae243, de951dbc, 1, 0,               619730                 2243
00000000, 00000000, 00000000, 00000000, 0, 0, 00000000, 00000000, 0, 0,               621881                 2151
b8718070, 478e7f8f, d095a8a1, 2f6a575e, 0, 1, 89072911, 76f8d6ee, 1, 0,               624083                 2202
00000000, 00000000, 00000000, 00000000, 0, 0, 00000000, 00000000, 0, 0,               626225                 2142
f4fa04e9, 0b05fb16, fd8b6afb, 02749504, 1, 0, f2856fe5, 0d7a901a, 1, 0,               628474                 2249
00000000, 00000000, 00000000, 00000000, 0, 0, 00000000, 00000000, 0, 0,               630620                 2146
e0a83ec1, 1f57c13e, f78290ef, 087d6f10, 1, 0, d82acfb1, 27d5304e, 1, 0,               632839                 2219
00000000, 00000000, 00000000, 00000000, 0, 0, 00000000, 00000000, 0, 0,               634955                 2116
aeaf125d, 5150eda2, 1b60e536, e49f1ac9, 1, 0, ca0ff794, 35f0086b, 0, 1,               638247                 3292
00000000, 00000000, 00000000, 00000000, 0, 0, 00000000, 00000000, 0, 0,               640405                 2158
d7a998af, 28566750, c7e8568f, 3817a970, 1, 0, 9f91ef3f, 606e10c0, 1, 0,               642599                 2194
00000000, 00000000, 00000000, 00000000, 0, 0, 00000000, 00000000, 0, 0,               644714                 2115
e70518ce, 18fae731, 4465e788, bb9a1877, 0, 1, 2b6b0056, d494ffa9, 1, 0,               648055                 3341
00000000, 00000000, 00000000, 00000000, 0, 0, 00000000, 00000000, 0, 0,               650202                 2147
57b9a3af, a8465c50, 4df3819b, b20c7e64, 0, 1, a5ad254a, 5a52dab5, 0, 1,               652212                 2010
00000000, 00000000, 00000000, 00000000, 0, 0, 00000000, 00000000, 0, 0,               654348                 2136
4ce19799, b31e6866, 1444df28, ebbb20d7, 1, 0, 612676c2, 9ed9893d, 0, 1,               656367                 2019
00000000, 00000000, 00000000, 00000000, 0, 0, 00000000, 00000000, 0, 0,               658491                 2124
99d02633, 662fd9cc, 25b75f4b, da48a0b4, 0, 1, bf87857e, 40787a81, 0, 1,               660995                 2504
00000000, 00000000, 00000000, 00000000, 0, 0, 00000000, 00000000, 0, 0,               663131                 2136
e1a39cc3, 1e5c633c, 8f1cf61e, 70e309e1, 1, 0, 70c092e2, 8f3f6d1d, 1, 0,               666010                 2879
00000000, 00000000, 00000000, 00000000, 0, 0, 00000000, 00000000, 0, 0,               668174                 2164
9a560e34, 65a9f1cb, 7679fdec, 89860213, 0, 1, 10d00c20, ef2ff3df, 1, 0,               671507                 3333
00000000, 00000000, 00000000, 00000000, 0, 0, 00000000, 00000000, 0, 0,               673680                 2173
02a9a905, fd5656fa, 68ae1bd1, 9751e42e, 0, 1, 6b57c4d6, 94a83b29, 0, 1,               676095                 2415
00000000, 00000000, 00000000, 00000000, 0, 0, 00000000, 00000000, 0, 0,               678223                 2128
65b9c3cb, 9a463c34, a0c02441, 5f3fdbbe, 1, 0, 0679e80d, f98617f2, 1, 0,               680695                 2472
00000000, 00000000, 00000000, 00000000, 0, 0, 00000000, 00000000, 0, 0,               682808                 2113
a5027e4a, 5afd81b5, 6c44f9d8, 93bb0627, 1, 0, 11477823, eeb887dc, 1, 0,               685274                 2466
00000000, 00000000, 00000000, 00000000, 0, 0, 00000000, 00000000, 0, 0,               687419                 2145
c0728080, 3f8d7f7f, ab196256, 54e69da9, 1, 0, 6b8be2d7, 94741d28, 1, 0,               690071                 2652
00000000, 00000000, 00000000, 00000000, 0, 0, 00000000, 00000000, 0, 0,               692222                 2151
6c0115d8, 93feea27, f166fae2, 0e99051d, 0, 1, 5d6810ba, a297ef45, 1, 0,               695119                 2897
00000000, 00000000, 00000000, 00000000, 0, 0, 00000000, 00000000, 0, 0,               697264                 2145
9dcaca3b, 623535c4, 39ac0373, c653fc8c, 0, 1, d776cdae, 28893251, 0, 1,               699254                 1990
00000000, 00000000, 00000000, 00000000, 0, 0, 00000000, 00000000, 0, 0,               701369                 2115
702b69e0, 8fd4961f, 093e4d12, f6c1b2ed, 0, 1, 7969b6f2, 8696490d, 0, 1,               703778                 2409
00000000, 00000000, 00000000, 00000000, 0, 0, 00000000, 00000000, 0, 0,               705880                 2102
6e89b7dd, 91764822, 9c811239, 637eedc6, 1, 0, 0b0aca17, f4f535e8, 1, 0,               708384                 2504
00000000, 00000000, 00000000, 00000000, 0, 0, 00000000, 00000000, 0, 0,               710506                 2122
36bc696d, c9439692, d0c5dca1, 2f3a235e, 1, 0, 0782460f, f87db9f0, 1, 0,               712966                 2460
00000000, 00000000, 00000000, 00000000, 0, 0, 00000000, 00000000, 0, 0,               715103                 2137
cc535a98, 33aca567, 40905d81, bf6fa27e, 0, 1, 0ce3b819, f31c47e6, 1, 0,               717355                 2252
00000000, 00000000, 00000000, 00000000, 0, 0, 00000000, 00000000, 0, 0,               719482                 2127
32b0c965, cd4f369a, 13b55527, ec4aaad8, 1, 0, 46661e8d, b999e172, 0, 1,               721697                 2215
00000000, 00000000, 00000000, 00000000, 0, 0, 00000000, 00000000, 0, 0,               723847                 2150
585829b0, a7a7d64f, 8f8c6e1f, 707391e0, 0, 1, e7e497cf, 181b6830, 0, 1,               726546                 2699
00000000, 00000000, 00000000, 00000000, 0, 0, 00000000, 00000000, 0, 0,               728670                 2124
5f16efbe, a0e91041, 2c2d2358, d3d2dca7, 0, 1, 8b441316, 74bbece9, 0, 1,               731113                 2443
00000000, 00000000, 00000000, 00000000, 0, 0, 00000000, 00000000, 0, 0,               733239                 2126
3bab4f77, c454b088, 0a6e9314, f5916ceb, 0, 1, 4619e28b, b9e61d74, 0, 1,               735509                 2270
00000000, 00000000, 00000000, 00000000, 0, 0, 00000000, 00000000, 0, 0,               737620                 2111
c719c88e, 38e63771, cb227096, 34dd8f69, 1, 0, 923c3925, 6dc3c6da, 1, 0,               739874                 2254
00000000, 00000000, 00000000, 00000000, 0, 0, 00000000, 00000000, 0, 0,               742020                 2146
8558140a, 7aa7ebf5, 2ac2d555, d53d2aaa, 1, 0, b01ae960, 4fe5169f, 0, 1,               744682                 2662
00000000, 00000000, 00000000, 00000000, 0, 0, 00000000, 00000000, 0, 0,               746814                 2132
52feb3a5, ad014c5a, 158b2b2b, ea74d4d4, 1, 0, 6889ded1, 9776212e, 0, 1,               749089                 2275
00000000, 00000000, 00000000, 00000000, 0, 0, 00000000, 00000000, 0, 0,               751209                 2120
160e412c, e9f1bed3, 56b403ad, a94bfc52, 1, 0, 6cc244da, 933dbb25, 0, 1,               753405                 2196
00000000, 00000000, 00000000, 00000000, 0, 0, 00000000, 00000000, 0, 0,               755523                 2118
a20e5444, 5df1abbb, 4249ff84, bdb6007b, 1, 0, e45853c9, 1ba7ac36, 0, 1,               758010                 2487
00000000, 00000000, 00000000, 00000000, 0, 0, 00000000, 00000000, 0, 0,               760153                 2143
d2fd76a5, 2d02895a, f3d7a6e7, 0c285918, 1, 0, c6d51d8d, 392ae272, 1, 0,               762158                 2005
00000000, 00000000, 00000000, 00000000, 0, 0, 00000000, 00000000, 0, 0,               764305                 2147
48208390, b7df7c6f, a4da5649, 5b25a9b6, 1, 0, ecfad9da, 13052625, 0, 1,               766958                 2653
00000000, 00000000, 00000000, 00000000, 0, 0, 00000000, 00000000, 0, 0,               769093                 2135
e93790d2, 16c86f2d, 64ba0fc9, 9b45f036, 1, 0, 4df1a09c, b20e5f63, 1, 0,               771787                 2694
00000000, 00000000, 00000000, 00000000, 0, 0, 00000000, 00000000, 0, 0,               773931                 2144
22431b44, ddbce4bb, d0bc5ea1, 2f43a15e, 0, 1, f2ff79e5, 0d00861a, 0, 1,               777273                 3342
00000000, 00000000, 00000000, 00000000, 0, 0, 00000000, 00000000, 0, 0,               779424                 2151
f0b208e1, 0f4df71e, 7d2a45fa, 82d5ba05, 1, 0, 6ddc4edc, 9223b123, 1, 0,               781463                 2039
00000000, 00000000, 00000000, 00000000, 0, 0, 00000000, 00000000, 0, 0,               783618                 2155
d0b3e8a1, 2f4c175e, 41a10583, be5efa7c, 0, 1, 1254ee24, edab11db, 1, 0,               785743                 2125
00000000, 00000000, 00000000, 00000000, 0, 0, 00000000, 00000000, 0, 0,               787868                 2125
29be5753, d641a8ac, b9461472, 46b9eb8d, 0, 1, e3046bc5, 1cfb943a, 0, 1,               790536                 2668
00000000, 00000000, 00000000, 00000000, 0, 0, 00000000, 00000000, 0, 0,               792657                 2121
6d2585da, 92da7a25, b455f268, 4baa0d97, 1, 0, 217b7843, de8487bc, 1, 0,               795122                 2465
00000000, 00000000, 00000000, 00000000, 0, 0, 00000000, 00000000, 0, 0,               797258                 2136
d1914aa3, 2e6eb55c, 43460d86, bcb9f279, 0, 1, 14d75829, eb28a7d6, 1, 0,               799516                 2258
00000000, 00000000, 00000000, 00000000, 0, 0, 00000000, 00000000, 0, 0,               801648                 2132
7b0733f6, 84f8cc09, 1c719738, e38e68c7, 0, 1, 9778cb2e, 688734d1, 0, 1,               803889                 2241
00000000, 00000000, 00000000, 00000000, 0, 0, 00000000, 00000000, 0, 0,               806008                 2119
12317324, edce8cdb, 94097628, 6bf689d7, 0, 1, a63ae94c, 59c516b3, 0, 1,               808179                 2171
00000000, 00000000, 00000000, 00000000, 0, 0, 00000000, 00000000, 0, 0,               810317                 2138
8447be08, 7bb841f7, e2bf1ac5, 1d40e53a, 0, 1, 6706d8cd, 98f92732, 1, 0,               812960                 2643
00000000, 00000000, 00000000, 00000000, 0, 0, 00000000, 00000000, 0, 0,               815094                 2134
4fe4759f, b01b8a60, 3a625f74, c59da08b, 1, 0, 8a46d514, 75b92aeb, 0, 1,               817336                 2242
00000000, 00000000, 00000000, 00000000, 0, 0, 00000000, 00000000, 0, 0,               819490                 2154
07cb690f, f83496f0, d86a6ab0, 2795954f, 0, 1, e035d3bf, 1fca2c40, 0, 1,               822355                 2865
00000000, 00000000, 00000000, 00000000, 0, 0, 00000000, 00000000, 0, 0,               824488                 2133
f9f37cf3, 060c830c, 1521932a, eade6cd5, 0, 1, 0f15101d, f0eaefe2, 1, 0,               827381                 2893
00000000, 00000000, 00000000, 00000000, 0, 0, 00000000, 00000000, 0, 0,               829514                 2133
ff8cb6ff, 00734900, 0aec3515, f513caea, 1, 0, 0a78ec15, f58713ea, 1, 0,               832214                 2700
00000000, 00000000, 00000000, 00000000, 0, 0, 00000000, 00000000, 0, 0,               834348                 2134
7e5e87fc, 81a17803, 0be29d17, f41d62e8, 1, 0, 8a412514, 75bedaeb, 0, 1,               836789                 2441
00000000, 00000000, 00000000, 00000000, 0, 0, 00000000, 00000000, 0, 0,               838949                 2160
83205c06, 7cdfa3f9, 64b5e3c9, 9b4a1c36, 0, 1, e7d63fcf, 1829c030, 0, 1,               842328                 3379
00000000, 00000000, 00000000, 00000000, 0, 0, 00000000, 00000000, 0, 0,               844462                 2134
ffd6d2ff, 00292d00, 1297cb25, ed6834da, 1, 0, 126e9e25, ed9161da, 1, 0,               846713                 2251
00000000, 00000000, 00000000, 00000000, 0, 0, 00000000, 00000000, 0, 0,               848859                 2146
98141630, 67ebe9cf, c69da28d, 39625d72, 0, 1, 5eb1b8bd, a14e4742, 1, 0,               851287                 2428
00000000, 00000000, 00000000, 00000000, 0, 0, 00000000, 00000000, 0, 0,               853434                 2147
e31838c6, 1ce7c739, 03d62707, fc29d8f8, 0, 1, e6ee5fcd, 1911a032, 0, 1,               856550                 3116
00000000, 00000000, 00000000, 00000000, 0, 0, 00000000, 00000000, 0, 0,               858669                 2119
4c609598, b39f6a67, 060a5d0c, f9f5a2f3, 1, 0, 526af2a5, ad950d5a, 0, 1,               860641                 1972
00000000, 00000000, 00000000, 00000000, 0, 0, 00000000, 00000000, 0, 0,               862782                 2141
a4799048, 5b866fb7, 9de17c3b, 621e83c4, 0, 1, 425b0c83, bda4f37c, 1, 0,               865046                 2264
00000000, 00000000, 00000000, 00000000, 0, 0, 00000000, 00000000, 0, 0,               867192                 2146
6fe64ddf, 9019b220, fbdfc2f7, 04203d08, 0, 1, 6bc610d6, 9439ef29, 1, 0,               869650                 2458
00000000, 00000000, 00000000, 00000000, 0, 0, 00000000, 00000000, 0, 0,               871824                 2174
984c0830, 67b3f7cf, ae78585c, 5187a7a3, 1, 0, 46c4608d, b93b9f72, 1, 0,               873886                 2062
00000000, 00000000, 00000000, 00000000, 0, 0, 00000000, 00000000, 0, 0,               876024                 2138
d8ad60b1, 27529f4e, 902a3a20, 6fd5c5df, 0, 1, 68d79ad1, 9728652e, 1, 0,               878189                 2165
00000000, 00000000, 00000000, 00000000, 0, 0, 00000000, 00000000, 0, 0,               880327                 2138
b0619060, 4f9e6f9f, 39600972, c69ff68d, 0, 1, e9c199d2, 163e662d, 0, 1,               882311                 1984
00000000, 00000000, 00000000, 00000000, 0, 0, 00000000, 00000000, 0, 0,               884461                 2150
c2608284, 3d9f7d7b, 6e8af5dd, 91750a22, 1, 0, 30eb7862, cf14879d, 1, 0,               886722                 2261
00000000, 00000000, 00000000, 00000000, 0, 0, 00000000, 00000000, 0, 0,               888859                 2137
0ed2331d, f12dcce2, 25b0994b, da4f66b4, 1, 0, 3482cc69, cb7d3396, 0, 1,               890907                 2048
00000000, 00000000, 00000000, 00000000, 0, 0, 00000000, 00000000, 0, 0,               893040                 2133
bc3acc78, 43c53387, cf63da9e, 309c2561, 1, 0, 8b9ea717, 746158e8, 1, 0,               895279                 2239
00000000, 00000000, 00000000, 00000000, 0, 0, 00000000, 00000000, 0, 0,               897410                 2131
81d87203, 7e278dfc, bde0d27b, 421f2d84, 1, 0, 3fb9447f, c046bb80, 1, 0,               899908                 2498
00000000, 00000000, 00000000, 00000000, 0, 0, 00000000, 00000000, 0, 0,               902054                 2146
6960a5d2, 969f5a2d, 81c39a03, 7e3c65fc, 1, 0, eb243fd6, 14dbc029, 0, 1,               905381                 3327
00000000, 00000000, 00000000, 00000000, 0, 0, 00000000, 00000000, 0, 0,               907522                 2141
ee5cb2dc, 11a34d23, 0e92431d, f16dbce2, 1, 0, fceef5fa, 03110a05, 0, 1,               909905                 2383
00000000, 00000000, 00000000, 00000000, 0, 0, 00000000, 00000000, 0, 0,               912023                 2118
465ba38c, b9a45c73, 22119f44, ddee60bb, 1, 0, 686d42d1, 9792bd2e, 0, 1,               914479                 2456
00000000, 00000000, 00000000, 00000000, 0, 0, 00000000, 00000000, 0, 0,               916618                 2139
9e87903d, 61786fc2, f01d34e0, 0fe2cb1f, 1, 0, 8ea4c51e, 715b3ae1, 1, 0,               918770                 2152
00000000, 00000000, 00000000, 00000000, 0, 0, 00000000, 00000000, 0, 0,               920900                 2130
633161c6, 9cce9e39, 297a1552, d685eaad, 0, 1, 8cab7718, 735488e7, 0, 1,               923090                 2190
00000000, 00000000, 00000000, 00000000, 0, 0, 00000000, 00000000, 0, 0,               925214                 2124
4f73459e, b08cba61, 46dcb78d, b9234872, 0, 1, 964ffd2b, 69b002d4, 0, 1,               928553                 3339
00000000, 00000000, 00000000, 00000000, 0, 0, 00000000, 00000000, 0, 0,               930686                 2133
bc4d6e78, 43b29187, 4219e784, bde6187b, 0, 1, fe6755fc, 0198aa03, 0, 1,               933806                 3120
00000000, 00000000, 00000000, 00000000, 0, 0, 00000000, 00000000, 0, 0,               935921                 2115
24d40549, db2bfab6, c63a928c, 39c56d73, 0, 1, eb0e97d5, 14f1682a, 0, 1,               938588                 2667
00000000, 00000000, 00000000, 00000000, 0, 0, 00000000, 00000000, 0, 0,               940737                 2149
4536218a, bac9de75, 0beac117, f4153ee8, 0, 1, 5120e2a1, aedf1d5e, 0, 1,               943005                 2268
00000000, 00000000, 00000000, 00000000, 0, 0, 00000000, 00000000, 0, 0,               945152                 2147
4b2f6396, b4d09c69, 427b5784, bd84a87b, 0, 1, 8daabb1a, 725544e5, 0, 1,               947101                 1949
00000000, 00000000, 00000000, 00000000, 0, 0, 00000000, 00000000, 0, 0,               949216                 2115
fec47cfd, 013b8302, 3e6f0f7c, c190f083, 0, 1, 3d338c79, c2cc7386, 1, 0,               951492                 2276
00000000, 00000000, 00000000, 00000000, 0, 0, 00000000, 00000000, 0, 0,               953647                 2155
78faadf1, 8705520e, 5d4a4dba, a2b5b245, 1, 0, d644fbac, 29bb0453, 0, 1,               955805                 2158
00000000, 00000000, 00000000, 00000000, 0, 0, 00000000, 00000000, 0, 0,               957955                 2150
4757138e, b8a8ec71, d31dfea6, 2ce20159, 1, 0, 1a751235, e58aedca, 1, 0,               960168                 2213
00000000, 00000000, 00000000, 00000000, 0, 0, 00000000, 00000000, 0, 0,               962323                 2155
9cb84c39, 6347b3c6, 19058332, e6fa7ccd, 0, 1, b5bdcf6b, 4a423094, 0, 1,               964741                 2418
00000000, 00000000, 00000000, 00000000, 0, 0, 00000000, 00000000, 0, 0,               966872                 2131
2637db4c, d9c824b3, a48f7c49, 5b7083b6, 0, 1, cac75795, 3538a86a, 0, 1,               969104                 2232
00000000, 00000000, 00000000, 00000000, 0, 0, 00000000, 00000000, 0, 0,               971243                 2139
49ec2793, b613d86c, 9ec9c03d, 61363fc2, 1, 0, e8b5e7d1, 174a182e, 0, 1,               973708                 2465
00000000, 00000000, 00000000, 00000000, 0, 0, 00000000, 00000000, 0, 0,               975846                 2138
542d1fa8, abd2e057, ae68305c, 5197cfa3, 1, 0, 02955005, fd6aaffa, 1, 0,               979236                 3390
00000000, 00000000, 00000000, 00000000, 0, 0, 00000000, 00000000, 0, 0,               981384                 2148
d07efaa0, 2f81055f, 433e9786, bcc16879, 1, 0, 13bd9227, ec426dd8, 1, 0,               983459                 2075
00000000, 00000000, 00000000, 00000000, 0, 0, 00000000, 00000000, 0, 0,               985625                 2166
61ed53c3, 9e12ac3c, da058ab4, 25fa754b, 0, 1, 3bf2de77, c40d2188, 1, 0,               988204                 2579
00000000, 00000000, 00000000, 00000000, 0, 0, 00000000, 00000000, 0, 0,               990330                 2126
c9e8ca93, 3617356c, 9622502c, 69ddafd3, 0, 1, 600b1abf, 9ff4e540, 1, 0,               993449                 3119
00000000, 00000000, 00000000, 00000000, 0, 0, 00000000, 00000000, 0, 0,               995593                 2144
49edf793, b612086c, 03e9b707, fc1648f8, 0, 1, 4dd7ae9a, b2285165, 0, 1,               997469                 1876
00000000, 00000000, 00000000, 00000000, 0, 0, 00000000, 00000000, 0, 0,               999616                 2147
